FS_method,Classifier,Accuracy,Precision,Recall,F1_score,AUC,Best_params,Outer_Fold,Top_k
LASSO,Random Forest,0.7678832116788321,0.7697975814358863,0.7678832116788321,0.7679742454370752,1.0,"{'n_estimators': 1000, 'min_samples_split': 2, 'min_samples_leaf': 2, 'max_features': 'sqrt', 'max_depth': 20}",1,10
LASSO,SVM (RBF),0.49343065693430654,0.5020835045890952,0.49343065693430654,0.479497330051861,0.5,"{'pca__n_components': 0.85, 'clf__gamma': 0.0001, 'clf__C': 1}",1,10
LASSO,Logistic Regression,0.46715328467153283,0.46928140088852754,0.46715328467153283,0.46699429680014504,0.5393453265679189,{'clf__C': 0.01},1,10
LASSO,XGBoost,0.7751824817518248,0.7751824817518248,0.7751824817518248,0.7751824817518248,1.0,"{'subsample': 1.0, 'n_estimators': 300, 'max_depth': 7, 'learning_rate': 0.05, 'colsample_bytree': 1.0}",1,10
LASSO,LightGBM,0.7781021897810219,0.7780529041112983,0.7781021897810219,0.7780709055912256,1.0,"{'num_leaves': 127, 'n_estimators': 800, 'max_depth': -1, 'learning_rate': 0.1}",1,10
LASSO,Stacking Ensemble,0.7445255474452555,0.7623810186608834,0.7445255474452555,0.7421620359694029,0.9994020467086941,"{'final_estimator__n_estimators': 200, 'final_estimator__max_depth': 2, 'final_estimator__learning_rate': 0.03}",1,10
LASSO,Soft Voting Ensemble,0.7474452554744525,0.7473327403975323,0.7474452554744525,0.7471956511396078,0.9999829156202484,"{'weights': (1, 1)}",1,10
LASSO,Random Forest,0.7783171521035599,0.7793353354176952,0.7783171521035599,0.7773194605152177,1.0,"{'n_estimators': 300, 'min_samples_split': 5, 'min_samples_leaf': 2, 'max_features': 'sqrt', 'max_depth': 20}",1,30
LASSO,SVM (RBF),0.6310679611650486,0.6317128963524212,0.6310679611650486,0.6312847864174467,1.0,"{'pca__n_components': 0.85, 'clf__gamma': 'scale', 'clf__C': 50}",1,30
LASSO,Logistic Regression,0.49029126213592233,0.4922644935494736,0.49029126213592233,0.4907119031447465,0.6230965667265677,{'clf__C': 10},1,30
LASSO,XGBoost,0.8025889967637541,0.8037880112733241,0.8025889967637541,0.8017473057533413,1.0,"{'subsample': 0.8, 'n_estimators': 300, 'max_depth': 7, 'learning_rate': 0.05, 'colsample_bytree': 0.8}",1,30
LASSO,LightGBM,0.7815533980582524,0.7828695195261464,0.7815533980582524,0.7804631864223724,1.0,"{'num_leaves': 63, 'n_estimators': 300, 'max_depth': 5, 'learning_rate': 0.1}",1,30
LASSO,Soft Voting Ensemble,0.7783171521035599,0.7801626276310177,0.7783171521035599,0.7769788133888393,1.0,"{'weights': (1, 1)}",1,30
LASSO,Random Forest,0.8234398782343988,0.8242480159825407,0.8234398782343988,0.8233547653547121,1.0,"{'n_estimators': 300, 'min_samples_split': 5, 'min_samples_leaf': 2, 'max_features': 'log2', 'max_depth': 20}",1,50
LASSO,SVM (RBF),0.528158295281583,0.5281462202868376,0.528158295281583,0.5281473635052054,0.8244184968955611,"{'pca__n_components': 0.95, 'clf__gamma': 0.001, 'clf__C': 50}",1,50
LASSO,Logistic Regression,0.4809741248097412,0.4807999718140423,0.4809741248097412,0.48056492085201685,0.6596422945046798,{'clf__C': 1},1,50
LASSO,XGBoost,0.8295281582952816,0.8299968003236783,0.8295281582952816,0.8294854976742343,1.0,"{'subsample': 0.8, 'n_estimators': 300, 'max_depth': 3, 'learning_rate': 0.1, 'colsample_bytree': 1.0}",1,50
LASSO,LightGBM,0.837138508371385,0.8378766551080898,0.837138508371385,0.837070571572291,1.0,"{'num_leaves': 63, 'n_estimators': 800, 'max_depth': -1, 'learning_rate': 0.05}",1,50
LASSO,Stacking Ensemble,0.7929984779299848,0.8000846972268795,0.7929984779299848,0.7918657153161981,0.9946436845519415,"{'final_estimator__n_estimators': 200, 'final_estimator__max_depth': 2, 'final_estimator__learning_rate': 0.03}",1,50
LASSO,Soft Voting Ensemble,0.8234398782343988,0.8236514187337793,0.8234398782343988,0.8234235158336273,1.0,"{'weights': (2, 1)}",1,50
LASSO,Random Forest,0.8040752351097179,0.8072543650324512,0.8040752351097179,0.8032105256071942,1.0,"{'n_estimators': 300, 'min_samples_split': 2, 'min_samples_leaf': 2, 'max_features': 'log2', 'max_depth': 10}",1,70
LASSO,SVM (RBF),0.6677115987460815,0.6676078312926507,0.6677115987460815,0.6675546383628761,1.0,"{'pca__n_components': 0.95, 'clf__gamma': 'scale', 'clf__C': 50}",1,70
LASSO,Logistic Regression,0.5,0.500432423932699,0.5,0.5000675644134549,0.6766669616606192,{'clf__C': 100},1,70
LASSO,XGBoost,0.8275862068965517,0.8297581762047856,0.8275862068965517,0.8270618682187091,1.0,"{'subsample': 0.7, 'n_estimators': 800, 'max_depth': 5, 'learning_rate': 0.03, 'colsample_bytree': 0.7}",1,70
LASSO,LightGBM,0.8166144200626959,0.8188429569254667,0.8166144200626959,0.8160235386921475,1.0,"{'num_leaves': 127, 'n_estimators': 800, 'max_depth': -1, 'learning_rate': 0.1}",1,70
LASSO,Stacking Ensemble,0.7978056426332288,0.8021765316836531,0.7978056426332288,0.7966354245444309,0.9947097751162768,"{'final_estimator__n_estimators': 100, 'final_estimator__max_depth': 2, 'final_estimator__learning_rate': 0.05}",1,70
LASSO,Soft Voting Ensemble,0.8166144200626959,0.819196092387674,0.8166144200626959,0.8159544158882331,1.0,"{'weights': (2, 1)}",1,70
LASSO,Random Forest,0.8093023255813954,0.8168398306104081,0.8093023255813954,0.807887438308022,1.0,"{'n_estimators': 300, 'min_samples_split': 5, 'min_samples_leaf': 2, 'max_features': 'sqrt', 'max_depth': 10}",1,90
LASSO,SVM (RBF),0.5162790697674419,0.5157196543728862,0.5162790697674419,0.5143862487360971,0.7886013501817551,"{'pca__n_components': 0.9, 'clf__gamma': 0.001, 'clf__C': 10}",1,90
LASSO,Logistic Regression,0.48527131782945737,0.485179906210605,0.48527131782945737,0.4852069544645597,0.6989498586348163,{'clf__C': 10},1,90
LASSO,XGBoost,0.8170542635658915,0.8203561639112519,0.8170542635658915,0.8164084833500734,1.0,"{'subsample': 0.7, 'n_estimators': 500, 'max_depth': 5, 'learning_rate': 0.1, 'colsample_bytree': 0.7}",1,90
LASSO,LightGBM,0.8015503875968992,0.8085699133718859,0.8015503875968992,0.8001313235538173,1.0,"{'num_leaves': 127, 'n_estimators': 800, 'max_depth': -1, 'learning_rate': 0.1}",1,90
LASSO,Soft Voting Ensemble,0.813953488372093,0.8180780958449004,0.813953488372093,0.8131505250507922,1.0,"{'weights': (1, 1)}",1,90
RF_importance,Random Forest,0.7827426810477658,0.7840525576118796,0.7827426810477658,0.7824098835790495,1.0,"{'n_estimators': 300, 'min_samples_split': 2, 'min_samples_leaf': 1, 'max_features': 'log2', 'max_depth': 10}",1,10
RF_importance,SVM (RBF),0.6964560862865947,0.697131049804585,0.6964560862865947,0.6960619718418233,0.9389233954451345,"{'pca__n_components': 0.95, 'clf__gamma': 'scale', 'clf__C': 50}",1,10
RF_importance,Logistic Regression,0.5130970724191063,0.5129286210434642,0.5130970724191063,0.512617891936406,0.5644481167018063,{'clf__C': 1},1,10
RF_importance,XGBoost,0.7704160246533128,0.7704240435706998,0.7704160246533128,0.7704182050156272,1.0,"{'subsample': 0.8, 'n_estimators': 300, 'max_depth': 7, 'learning_rate': 0.05, 'colsample_bytree': 0.8}",1,10
RF_importance,LightGBM,0.7812018489984591,0.7812238069311005,0.7812018489984591,0.7811831447492282,1.0,"{'num_leaves': 63, 'n_estimators': 800, 'max_depth': -1, 'learning_rate': 0.05}",1,10
RF_importance,Stacking Ensemble,0.736517719568567,0.7365262213769647,0.736517719568567,0.7365202218635721,0.984908921685946,"{'final_estimator__n_estimators': 300, 'final_estimator__max_depth': 3, 'final_estimator__learning_rate': 0.03}",1,10
RF_importance,Soft Voting Ensemble,0.765793528505393,0.7662114961434012,0.765793528505393,0.7656454938095049,1.0,"{'weights': (2, 1)}",1,10
RF_importance,Random Forest,0.8290229885057471,0.8364595156585192,0.8290229885057471,0.8289400398182175,1.0,"{'n_estimators': 300, 'min_samples_split': 2, 'min_samples_leaf': 1, 'max_features': 'sqrt', 'max_depth': 20}",1,30
RF_importance,SVM (RBF),0.5704022988505747,0.5864555702917772,0.5704022988505747,0.5638651546359457,0.7274806693021059,"{'pca__n_components': 0.95, 'clf__gamma': 0.001, 'clf__C': 50}",1,30
RF_importance,Logistic Regression,0.5229885057471264,0.5243608404999757,0.5229885057471264,0.5233987194602971,0.6076510612200924,{'clf__C': 1},1,30
RF_importance,XGBoost,0.8146551724137931,0.817773976115049,0.8146551724137931,0.8147994686097427,1.0,"{'subsample': 1.0, 'n_estimators': 300, 'max_depth': 7, 'learning_rate': 0.1, 'colsample_bytree': 1.0}",1,30
RF_importance,LightGBM,0.8247126436781609,0.8273160071324193,0.8247126436781609,0.8248632540966794,1.0,"{'num_leaves': 127, 'n_estimators': 800, 'max_depth': -1, 'learning_rate': 0.1}",1,30
RF_importance,Stacking Ensemble,0.8146551724137931,0.820359351574213,0.8146551724137931,0.8146708596611553,0.994919735130073,"{'final_estimator__n_estimators': 300, 'final_estimator__max_depth': 4, 'final_estimator__learning_rate': 0.1}",1,30
RF_importance,Soft Voting Ensemble,0.8204022988505747,0.8208974753694581,0.8204022988505747,0.8205126599875305,1.0,"{'weights': (2, 1)}",1,30
RF_importance,Random Forest,0.8176100628930818,0.8300937438141787,0.8176100628930818,0.8152037034963995,1.0,"{'n_estimators': 600, 'min_samples_split': 2, 'min_samples_leaf': 1, 'max_features': 'sqrt', 'max_depth': 20}",1,50
RF_importance,SVM (RBF),0.5251572327044025,0.5246114861854982,0.5251572327044025,0.5246299853123941,0.34427916827489286,"{'pca__n_components': 0.9, 'clf__gamma': 0.0001, 'clf__C': 50}",1,50
RF_importance,Logistic Regression,0.5031446540880503,0.5031446540880503,0.5031446540880503,0.5031446540880503,0.6449927258691842,{'clf__C': 100},1,50
RF_importance,XGBoost,0.8018867924528302,0.8044216664177963,0.8018867924528302,0.8010982743280841,1.0,"{'subsample': 0.7, 'n_estimators': 800, 'max_depth': 5, 'learning_rate': 0.03, 'colsample_bytree': 0.7}",1,50
RF_importance,LightGBM,0.800314465408805,0.8037953479650206,0.800314465408805,0.7993022875357007,1.0,"{'num_leaves': 127, 'n_estimators': 300, 'max_depth': 10, 'learning_rate': 0.05}",1,50
RF_importance,Stacking Ensemble,0.7924528301886793,0.7984211667751031,0.7924528301886793,0.7908096317232365,0.9978721930267311,"{'final_estimator__n_estimators': 300, 'final_estimator__max_depth': 2, 'final_estimator__learning_rate': 0.03}",1,50
RF_importance,Soft Voting Ensemble,0.8050314465408805,0.810252758988964,0.8050314465408805,0.8037039248666183,1.0,"{'weights': (2, 1)}",1,50
RF_importance,Random Forest,0.8317610062893082,0.8405158034384309,0.8317610062893082,0.8301761385737123,1.0,"{'n_estimators': 300, 'min_samples_split': 5, 'min_samples_leaf': 1, 'max_features': 'sqrt', 'max_depth': 20}",1,70
RF_importance,SVM (RBF),0.5314465408805031,0.5316183632445461,0.5314465408805031,0.5315114406918083,0.6785972308819017,"{'pca__n_components': 0.85, 'clf__gamma': 0.0001, 'clf__C': 50}",1,70
RF_importance,Logistic Regression,0.5235849056603774,0.5238931514210652,0.5235849056603774,0.5236756233414016,0.6887958591886622,{'clf__C': 100},1,70
RF_importance,XGBoost,0.8081761006289309,0.8085362845784563,0.8081761006289309,0.8079631066493779,1.0,"{'subsample': 0.7, 'n_estimators': 800, 'max_depth': 3, 'learning_rate': 0.05, 'colsample_bytree': 0.7}",1,70
RF_importance,LightGBM,0.8207547169811321,0.8219503153256419,0.8207547169811321,0.8203632118555996,1.0,"{'num_leaves': 127, 'n_estimators': 800, 'max_depth': -1, 'learning_rate': 0.1}",1,70
RF_importance,Stacking Ensemble,0.8113207547169812,0.8226800374440416,0.8113207547169812,0.8089699422079286,0.9936264758568134,"{'final_estimator__n_estimators': 100, 'final_estimator__max_depth': 3, 'final_estimator__learning_rate': 0.03}",1,70
RF_importance,Soft Voting Ensemble,0.8238993710691824,0.827559518811663,0.8238993710691824,0.8230468893155056,1.0,"{'weights': (1, 1)}",1,70
RF_importance,Random Forest,0.8135860979462876,0.8234455194705921,0.8135860979462876,0.811420670566227,1.0,"{'n_estimators': 300, 'min_samples_split': 5, 'min_samples_leaf': 2, 'max_features': 'log2', 'max_depth': None}",1,90
RF_importance,SVM (RBF),0.5781990521327014,0.5792013302686979,0.5781990521327014,0.5708126135849158,0.8024474825608123,"{'pca__n_components': 0.85, 'clf__gamma': 0.001, 'clf__C': 10}",1,90
RF_importance,Logistic Regression,0.5466034755134281,0.5464648360570654,0.5466034755134281,0.5465218871877225,0.7249405368671424,{'clf__C': 0.1},1,90
RF_importance,XGBoost,0.8246445497630331,0.8280414881077931,0.8246445497630331,0.8237800192917137,1.0,"{'subsample': 0.7, 'n_estimators': 800, 'max_depth': 3, 'learning_rate': 0.05, 'colsample_bytree': 0.7}",1,90
RF_importance,LightGBM,0.8183254344391785,0.820832043595156,0.8183254344391785,0.8175895790685388,1.0,"{'num_leaves': 63, 'n_estimators': 800, 'max_depth': 10, 'learning_rate': 0.1}",1,90
RF_importance,Soft Voting Ensemble,0.8262243285939969,0.834401972496626,0.8262243285939969,0.8245558430399266,1.0,"{'weights': (1, 1)}",1,90
Boruta,Random Forest,0.78125,0.782716714559387,0.78125,0.7812194818136523,1.0,"{'n_estimators': 600, 'min_samples_split': 2, 'min_samples_leaf': 1, 'max_features': 'sqrt', 'max_depth': None}",1,10
Boruta,XGBoost,0.7708333333333334,0.7707985886256177,0.7708333333333334,0.7707886277987142,1.0,"{'subsample': 1.0, 'n_estimators': 300, 'max_depth': 7, 'learning_rate': 0.1, 'colsample_bytree': 1.0}",1,10
Boruta,LightGBM,0.7797619047619048,0.7797619047619048,0.7797619047619048,0.7797619047619048,1.0,"{'num_leaves': 63, 'n_estimators': 800, 'max_depth': -1, 'learning_rate': 0.05}",1,10
Boruta,Random Forest,0.814873417721519,0.8160864978902953,0.814873417721519,0.8143912675081107,1.0,"{'n_estimators': 300, 'min_samples_split': 5, 'min_samples_leaf': 1, 'max_features': 'log2', 'max_depth': 20}",1,30
Boruta,SVM (RBF),0.6075949367088608,0.6107743414085366,0.6075949367088608,0.6000975458325785,0.7577279791447336,"{'pca__n_components': 0.95, 'clf__gamma': 0.01, 'clf__C': 1}",1,30
Boruta,Logistic Regression,0.5031645569620253,0.5046122406871228,0.5031645569620253,0.5030351882811879,0.6256379405424375,{'clf__C': 10},1,30
Boruta,XGBoost,0.8306962025316456,0.8317760941467223,0.8306962025316456,0.8303116679680691,1.0,"{'subsample': 0.7, 'n_estimators': 500, 'max_depth': 3, 'learning_rate': 0.05, 'colsample_bytree': 0.7}",1,30
Boruta,LightGBM,0.819620253164557,0.8207445588921528,0.819620253164557,0.8191809755135672,1.0,"{'num_leaves': 127, 'n_estimators': 300, 'max_depth': 10, 'learning_rate': 0.05}",1,30
Boruta,Soft Voting Ensemble,0.7515822784810127,0.7515227406092106,0.7515822784810127,0.7515355598856452,0.9991778212262495,"{'weights': (1, 2)}",1,30
Boruta,Random Forest,0.8246153846153846,0.8305377830393046,0.8246153846153846,0.8237338619267053,1.0,"{'n_estimators': 300, 'min_samples_split': 5, 'min_samples_leaf': 1, 'max_features': 'log2', 'max_depth': 20}",1,50
Boruta,SVM (RBF),0.6784615384615384,0.6789578701645176,0.6784615384615384,0.6781285480245361,1.0,"{'pca__n_components': 0.85, 'clf__gamma': 0.1, 'clf__C': 1}",1,50
Boruta,Logistic Regression,0.5230769230769231,0.5231165422377396,0.5230769230769231,0.523076923076923,0.6500790562482841,{'clf__C': 100},1,50
Boruta,XGBoost,0.8184615384615385,0.819005677483598,0.8184615384615385,0.8183531768012174,1.0,"{'subsample': 0.7, 'n_estimators': 500, 'max_depth': 3, 'learning_rate': 0.05, 'colsample_bytree': 0.7}",1,50
Boruta,LightGBM,0.82,0.8212708380908883,0.82,0.819776,1.0,"{'num_leaves': 127, 'n_estimators': 300, 'max_depth': 10, 'learning_rate': 0.05}",1,50
Boruta,Stacking Ensemble,0.823076923076923,0.8263351016799292,0.823076923076923,0.8225639637437867,0.9999431931150055,"{'final_estimator__n_estimators': 300, 'final_estimator__max_depth': 4, 'final_estimator__learning_rate': 0.1}",1,50
Boruta,Soft Voting Ensemble,0.8046153846153846,0.806633954684802,0.8046153846153846,0.8042274325561992,1.0,"{'weights': (2, 1)}",1,50
Boruta,Random Forest,0.8184568835098336,0.8255825143086868,0.8184568835098336,0.817636010305963,1.0,"{'n_estimators': 600, 'min_samples_split': 2, 'min_samples_leaf': 1, 'max_features': 'sqrt', 'max_depth': None}",1,70
Boruta,SVM (RBF),0.5612708018154312,0.5635680469189933,0.5612708018154312,0.558910176921774,0.7639125418886996,"{'pca__n_components': 0.85, 'clf__gamma': 0.001, 'clf__C': 10}",1,70
Boruta,Logistic Regression,0.5431164901664145,0.543452255775389,0.5431164901664145,0.5429658830209698,0.701029134391767,{'clf__C': 0.01},1,70
Boruta,XGBoost,0.8214826021180031,0.8230378094784285,0.8214826021180031,0.8213477010854744,1.0,"{'subsample': 0.7, 'n_estimators': 500, 'max_depth': 5, 'learning_rate': 0.1, 'colsample_bytree': 0.7}",1,70
Boruta,LightGBM,0.8199697428139183,0.8222726081759552,0.8199697428139183,0.8197470356844092,1.0,"{'num_leaves': 127, 'n_estimators': 500, 'max_depth': 5, 'learning_rate': 0.05}",1,70
Boruta,Soft Voting Ensemble,0.8229954614220878,0.8268513391749827,0.8229954614220878,0.8225977321585619,1.0,"{'weights': (2, 1)}",1,70
Boruta,Random Forest,0.8112324492979719,0.8207701423329307,0.8112324492979719,0.8093772330999206,1.0,"{'n_estimators': 600, 'min_samples_split': 2, 'min_samples_leaf': 1, 'max_features': 'sqrt', 'max_depth': None}",1,90
Boruta,SVM (RBF),0.6521060842433697,0.6525965461933897,0.6521060842433697,0.6511880708759835,1.0,"{'pca__n_components': 0.95, 'clf__gamma': 'scale', 'clf__C': 50}",1,90
Boruta,Logistic Regression,0.5304212168486739,0.529775843697743,0.5304212168486739,0.5288549782096922,0.7059740158553927,{'clf__C': 10},1,90
Boruta,XGBoost,0.8034321372854915,0.8057475808323374,0.8034321372854915,0.8028122040213417,1.0,"{'subsample': 1.0, 'n_estimators': 300, 'max_depth': 5, 'learning_rate': 0.1, 'colsample_bytree': 1.0}",1,90
Boruta,LightGBM,0.8237129485179407,0.8268239590793596,0.8237129485179407,0.8230582844832272,1.0,"{'num_leaves': 31, 'n_estimators': 800, 'max_depth': 5, 'learning_rate': 0.03}",1,90
Boruta,Stacking Ensemble,0.8096723868954758,0.8244429574845792,0.8096723868954758,0.806935195485405,0.9996396501684879,"{'final_estimator__n_estimators': 200, 'final_estimator__max_depth': 3, 'final_estimator__learning_rate': 0.03}",1,90
Boruta,Soft Voting Ensemble,0.8252730109204368,0.8282040876846357,0.8252730109204368,0.8246576185469005,1.0,"{'weights': (1, 1)}",1,90
RFE_SVM,Random Forest,0.7931570762052877,0.7931495779522452,0.7931570762052877,0.7931360542095627,0.9999806449115473,"{'n_estimators': 1000, 'min_samples_split': 2, 'min_samples_leaf': 2, 'max_features': 'log2', 'max_depth': 20}",1,10
RFE_SVM,SVM (RBF),0.6920684292379471,0.698021967340591,0.6920684292379471,0.6888564733226704,0.8785758525916465,"{'pca__n_components': 0.95, 'clf__gamma': 'scale', 'clf__C': 10}",1,10
RFE_SVM,Logistic Regression,0.5707620528771384,0.5721702208956249,0.5707620528771384,0.5657100153653939,0.6059400766461502,{'clf__C': 100},1,10
RFE_SVM,XGBoost,0.7900466562986003,0.7905123490849443,0.7900466562986003,0.7898482862403757,1.0,"{'subsample': 0.8, 'n_estimators': 300, 'max_depth': 7, 'learning_rate': 0.03, 'colsample_bytree': 0.7}",1,10
RFE_SVM,LightGBM,0.7993779160186625,0.7993914903580205,0.7993779160186625,0.7993827695947926,1.0,"{'num_leaves': 127, 'n_estimators': 300, 'max_depth': 10, 'learning_rate': 0.05}",1,10
RFE_SVM,Stacking Ensemble,0.7247278382581649,0.7253835078664902,0.7247278382581649,0.7242793133319588,0.9752835520458328,"{'final_estimator__n_estimators': 300, 'final_estimator__max_depth': 2, 'final_estimator__learning_rate': 0.03}",1,10
RFE_SVM,Soft Voting Ensemble,0.7651632970451011,0.7652899111949568,0.7651632970451011,0.765180338359933,0.998896759958193,"{'weights': (1, 1)}",1,10
RFE_SVM,Random Forest,0.8164251207729468,0.8305080012922854,0.8164251207729468,0.8130669483072229,1.0,"{'n_estimators': 1000, 'min_samples_split': 5, 'min_samples_leaf': 1, 'max_features': 'log2', 'max_depth': 20}",1,30
RFE_SVM,SVM (RBF),0.6360708534621579,0.6358433069467281,0.6360708534621579,0.6359306883871911,0.9027855790634296,"{'pca__n_components': 0.95, 'clf__gamma': 'scale', 'clf__C': 1}",1,30
RFE_SVM,Logistic Regression,0.5797101449275363,0.5807850965697466,0.5797101449275363,0.5799937994770749,0.6678108552289418,{'clf__C': 0.01},1,30
RFE_SVM,XGBoost,0.8099838969404187,0.811627865335926,0.8099838969404187,0.8091341181804016,1.0,"{'subsample': 1.0, 'n_estimators': 800, 'max_depth': 3, 'learning_rate': 0.03, 'colsample_bytree': 1.0}",1,30
RFE_SVM,LightGBM,0.8051529790660226,0.8072090548745354,0.8051529790660226,0.804139791920252,1.0,"{'num_leaves': 127, 'n_estimators': 500, 'max_depth': -1, 'learning_rate': 0.03}",1,30
RFE_SVM,Stacking Ensemble,0.8035426731078905,0.8186725463613336,0.8035426731078905,0.7995780336068965,0.9992302731490149,"{'final_estimator__n_estimators': 100, 'final_estimator__max_depth': 3, 'final_estimator__learning_rate': 0.05}",1,30
RFE_SVM,Soft Voting Ensemble,0.8051529790660226,0.8072090548745354,0.8051529790660226,0.804139791920252,1.0,"{'weights': (1, 1)}",1,30
RFE_SVM,Random Forest,0.8054298642533937,0.8138393627289688,0.8054298642533937,0.8043930650253622,1.0,"{'n_estimators': 600, 'min_samples_split': 2, 'min_samples_leaf': 2, 'max_features': 'sqrt', 'max_depth': 10}",1,50
RFE_SVM,SVM (RBF),0.6802413273001509,0.6805384195931002,0.6802413273001509,0.6798872057184077,1.0,"{'pca__n_components': 0.9, 'clf__gamma': 'scale', 'clf__C': 50}",1,50
RFE_SVM,Logistic Regression,0.5927601809954751,0.5929476335352265,0.5927601809954751,0.592767592632701,0.7380406290956749,{'clf__C': 100},1,50
RFE_SVM,XGBoost,0.8024132730015083,0.8040602547236638,0.8024132730015083,0.8022684690966405,1.0,"{'subsample': 1.0, 'n_estimators': 800, 'max_depth': 7, 'learning_rate': 0.1, 'colsample_bytree': 0.8}",1,50
RFE_SVM,LightGBM,0.8220211161387632,0.8238903714016835,0.8220211161387632,0.8218752796229805,1.0,"{'num_leaves': 63, 'n_estimators': 800, 'max_depth': -1, 'learning_rate': 0.05}",1,50
RFE_SVM,Stacking Ensemble,0.7903469079939668,0.8010116748018505,0.7903469079939668,0.7888246537327118,0.9958497160332023,"{'final_estimator__n_estimators': 200, 'final_estimator__max_depth': 2, 'final_estimator__learning_rate': 0.03}",1,50
RFE_SVM,Soft Voting Ensemble,0.8144796380090498,0.814566788253763,0.8144796380090498,0.8144323407960309,0.9999908985000727,"{'weights': (1, 1)}",1,50
RFE_SVM,Random Forest,0.8035714285714286,0.8095308988009422,0.8035714285714286,0.8030730690707892,1.0,"{'n_estimators': 300, 'min_samples_split': 5, 'min_samples_leaf': 2, 'max_features': 'log2', 'max_depth': None}",1,70
RFE_SVM,XGBoost,0.8214285714285714,0.8228536593089906,0.8214285714285714,0.8214127539496245,1.0,"{'subsample': 0.7, 'n_estimators': 800, 'max_depth': 5, 'learning_rate': 0.03, 'colsample_bytree': 0.7}",1,70
RFE_SVM,LightGBM,0.8139880952380952,0.8161018668831168,0.8139880952380952,0.8139160031891217,1.0,"{'num_leaves': 127, 'n_estimators': 800, 'max_depth': 10, 'learning_rate': 0.03}",1,70
RFE_SVM,Random Forest,0.8088888888888889,0.8137351229950306,0.8088888888888889,0.8085942266764184,1.0,"{'n_estimators': 1000, 'min_samples_split': 5, 'min_samples_leaf': 2, 'max_features': 'sqrt', 'max_depth': 20}",1,90
RFE_SVM,SVM (RBF),0.6948148148148148,0.6947231040564373,0.6948148148148148,0.6945489319511178,1.0,"{'pca__n_components': 0.85, 'clf__gamma': 'scale', 'clf__C': 10}",1,90
RFE_SVM,Logistic Regression,0.5792592592592593,0.5801832820963256,0.5792592592592593,0.5793091258135507,0.7901683714717563,{'clf__C': 0.01},1,90
RFE_SVM,XGBoost,0.8266666666666667,0.8291947832514918,0.8266666666666667,0.8266050321671506,1.0,"{'subsample': 0.7, 'n_estimators': 500, 'max_depth': 3, 'learning_rate': 0.05, 'colsample_bytree': 0.7}",1,90
RFE_SVM,LightGBM,0.8237037037037037,0.8286955394037998,0.8237037037037037,0.8234318835232077,1.0,"{'num_leaves': 127, 'n_estimators': 800, 'max_depth': 10, 'learning_rate': 0.03}",1,90
RFE_SVM,Soft Voting Ensemble,0.8177777777777778,0.8180320883160366,0.8177777777777778,0.8178169886707551,1.0,"{'weights': (1, 1)}",1,90
mRMR,Random Forest,0.7960725075528701,0.8019702993255345,0.7960725075528701,0.7952953074958184,1.0,"{'n_estimators': 1000, 'min_samples_split': 5, 'min_samples_leaf': 1, 'max_features': 'log2', 'max_depth': None}",1,10
mRMR,SVM (RBF),0.5981873111782477,0.5991710506281651,0.5981873111782477,0.596250837821126,0.7905244420101328,"{'pca__n_components': 0.85, 'clf__gamma': 'scale', 'clf__C': 1}",1,10
mRMR,Logistic Regression,0.45317220543806647,0.4534052418026085,0.45317220543806647,0.45278772026583636,0.5556164133461136,{'clf__C': 1},1,10
mRMR,XGBoost,0.7945619335347432,0.8001790452975199,0.7945619335347432,0.7938171906882696,0.9903053539641243,"{'subsample': 0.8, 'n_estimators': 300, 'max_depth': 3, 'learning_rate': 0.03, 'colsample_bytree': 0.8}",1,10
mRMR,LightGBM,0.7764350453172205,0.7786533721553468,0.7764350453172205,0.7761491070044371,1.0,"{'num_leaves': 127, 'n_estimators': 500, 'max_depth': 5, 'learning_rate': 0.05}",1,10
mRMR,Stacking Ensemble,0.7658610271903323,0.7658720029545213,0.7658610271903323,0.7658647674721925,0.9790770916061892,"{'final_estimator__n_estimators': 200, 'final_estimator__max_depth': 2, 'final_estimator__learning_rate': 0.03}",1,10
mRMR,Soft Voting Ensemble,0.7885196374622356,0.7908124777280944,0.7885196374622356,0.7882491552744675,1.0,"{'weights': (2, 1)}",1,10
mRMR,Random Forest,0.8189233278955954,0.8307888696501634,0.8189233278955954,0.8156724590011678,1.0,"{'n_estimators': 600, 'min_samples_split': 5, 'min_samples_leaf': 1, 'max_features': 'log2', 'max_depth': None}",1,30
mRMR,SVM (RBF),0.5905383360522023,0.5910103993908284,0.5905383360522023,0.5907351542460656,0.9913923996492804,"{'pca__n_components': 0.95, 'clf__gamma': 0.01, 'clf__C': 50}",1,30
mRMR,Logistic Regression,0.5040783034257749,0.504948285828878,0.5040783034257749,0.5044277304779142,0.6073116485960524,{'clf__C': 100},1,30
mRMR,XGBoost,0.8107667210440457,0.8140956474788767,0.8107667210440457,0.8092294131717714,1.0,"{'subsample': 1.0, 'n_estimators': 300, 'max_depth': 5, 'learning_rate': 0.05, 'colsample_bytree': 0.7}",1,30
mRMR,LightGBM,0.797716150081566,0.7982899171251349,0.797716150081566,0.7969620741913376,1.0,"{'num_leaves': 63, 'n_estimators': 500, 'max_depth': 5, 'learning_rate': 0.1}",1,30
mRMR,Soft Voting Ensemble,0.8189233278955954,0.8307888696501634,0.8189233278955954,0.8156724590011678,0.9998716879450823,"{'weights': (1, 2)}",1,30
mRMR,Random Forest,0.8272,0.8367568435362407,0.8272,0.8250546478873239,1.0,"{'n_estimators': 600, 'min_samples_split': 5, 'min_samples_leaf': 2, 'max_features': 'log2', 'max_depth': 20}",1,50
mRMR,SVM (RBF),0.6528,0.653925337920865,0.6528,0.6529867484228887,1.0,"{'pca__n_components': 0.85, 'clf__gamma': 'scale', 'clf__C': 50}",1,50
mRMR,Logistic Regression,0.4704,0.47164927803379414,0.4704,0.4706766802994256,0.6349362723970198,{'clf__C': 10},1,50
mRMR,XGBoost,0.816,0.8195144625489452,0.816,0.8148367484835698,1.0,"{'subsample': 0.7, 'n_estimators': 500, 'max_depth': 5, 'learning_rate': 0.1, 'colsample_bytree': 0.7}",1,50
mRMR,LightGBM,0.8176,0.8188421486056523,0.8176,0.8170017451574975,1.0,"{'num_leaves': 63, 'n_estimators': 800, 'max_depth': 10, 'learning_rate': 0.1}",1,50
mRMR,Stacking Ensemble,0.8224,0.8337376310409327,0.8224,0.8198510842428601,0.984576072901915,"{'final_estimator__n_estimators': 100, 'final_estimator__max_depth': 2, 'final_estimator__learning_rate': 0.03}",1,50
mRMR,Soft Voting Ensemble,0.816,0.8287187527371465,0.816,0.8130553368483638,0.9999897379061223,"{'weights': (1, 2)}",1,50
mRMR,Random Forest,0.8256735340729001,0.8385215148555116,0.8256735340729001,0.8231884607424631,1.0,"{'n_estimators': 600, 'min_samples_split': 2, 'min_samples_leaf': 2, 'max_features': 'sqrt', 'max_depth': 10}",1,70
mRMR,SVM (RBF),0.6006339144215531,0.6009825049628686,0.6006339144215531,0.5966660548271313,0.9343413004989538,"{'pca__n_components': 0.95, 'clf__gamma': 0.01, 'clf__C': 1}",1,70
mRMR,Logistic Regression,0.48811410459587956,0.48829057431813,0.48811410459587956,0.48819131969168894,0.6698656043779173,{'clf__C': 100},1,70
mRMR,XGBoost,0.7892234548335975,0.7923746822454065,0.7892234548335975,0.7880375192488097,1.0,"{'subsample': 1.0, 'n_estimators': 500, 'max_depth': 7, 'learning_rate': 0.1, 'colsample_bytree': 0.8}",1,70
mRMR,LightGBM,0.7955625990491284,0.7988308737743379,0.7955625990491284,0.7944123306999734,1.0,"{'num_leaves': 63, 'n_estimators': 800, 'max_depth': 10, 'learning_rate': 0.1}",1,70
mRMR,Stacking Ensemble,0.8098256735340729,0.8254754871768744,0.8098256735340729,0.8064829029011145,0.9581271125060358,"{'final_estimator__n_estimators': 100, 'final_estimator__max_depth': 2, 'final_estimator__learning_rate': 0.03}",1,70
mRMR,Soft Voting Ensemble,0.8177496038034865,0.8266429696849311,0.8177496038034865,0.8157554694888417,1.0,"{'weights': (1, 1)}",1,70
mRMR,Random Forest,0.8114104595879557,0.8248248967380644,0.8114104595879557,0.8084950311583392,1.0,"{'n_estimators': 300, 'min_samples_split': 2, 'min_samples_leaf': 2, 'max_features': 'log2', 'max_depth': 20}",1,90
mRMR,SVM (RBF),0.4849445324881141,0.48569255252451754,0.4849445324881141,0.4851127409053581,0.3210707387735393,"{'pca__n_components': 0.85, 'clf__gamma': 0.0001, 'clf__C': 50}",1,90
mRMR,Logistic Regression,0.5007923930269413,0.5008501389775922,0.5007923930269413,0.5008200098299082,0.6963524062449702,{'clf__C': 10},1,90
mRMR,XGBoost,0.8193343898573693,0.8259595879556259,0.8193343898573693,0.8177681800502721,1.0,"{'subsample': 0.7, 'n_estimators': 300, 'max_depth': 3, 'learning_rate': 0.05, 'colsample_bytree': 0.8}",1,90
mRMR,LightGBM,0.8098256735340729,0.8135776777767095,0.8098256735340729,0.8087080787446297,1.0,"{'num_leaves': 63, 'n_estimators': 800, 'max_depth': 10, 'learning_rate': 0.1}",1,90
mRMR,Stacking Ensemble,0.8145800316957211,0.8281729944567958,0.8145800316957211,0.8117136020632408,0.9856751971672302,"{'final_estimator__n_estimators': 300, 'final_estimator__max_depth': 2, 'final_estimator__learning_rate': 0.03}",1,90
mRMR,Soft Voting Ensemble,0.8145800316957211,0.8233515204352563,0.8145800316957211,0.8125512167842996,1.0,"{'weights': (1, 1)}",1,90
ReliefF,Random Forest,0.7710843373493976,0.77548362607947,0.7710843373493976,0.7704600162301586,0.999945553044946,"{'n_estimators': 1000, 'min_samples_split': 5, 'min_samples_leaf': 1, 'max_features': 'log2', 'max_depth': 10}",1,10
ReliefF,SVM (RBF),0.7364457831325302,0.7365120587048817,0.7364457831325302,0.7363434807704379,0.9841287126017477,"{'pca__n_components': 0.95, 'clf__gamma': 0.1, 'clf__C': 50}",1,10
ReliefF,Logistic Regression,0.5060240963855421,0.5073639370703199,0.5060240963855421,0.5035673331036725,0.5710215156217389,{'clf__C': 10},1,10
ReliefF,XGBoost,0.7620481927710844,0.7642247645031103,0.7620481927710844,0.7617759836637343,1.0,"{'subsample': 0.7, 'n_estimators': 500, 'max_depth': 5, 'learning_rate': 0.03, 'colsample_bytree': 0.8}",1,10
ReliefF,LightGBM,0.7590361445783133,0.7611950331065819,0.7590361445783133,0.7587604897860601,1.0,"{'num_leaves': 127, 'n_estimators': 300, 'max_depth': 10, 'learning_rate': 0.05}",1,10
ReliefF,Stacking Ensemble,0.7168674698795181,0.7216951607319246,0.7168674698795181,0.7158008923775173,0.9163513280519788,"{'final_estimator__n_estimators': 200, 'final_estimator__max_depth': 2, 'final_estimator__learning_rate': 0.03}",1,10
ReliefF,Soft Voting Ensemble,0.7635542168674698,0.7639616530521111,0.7635542168674698,0.763548317722289,0.9999183295674189,"{'weights': (1, 1)}",1,10
ReliefF,Random Forest,0.8014388489208633,0.8088546762589928,0.8014388489208633,0.801300712560542,1.0,"{'n_estimators': 600, 'min_samples_split': 5, 'min_samples_leaf': 2, 'max_features': 'log2', 'max_depth': 10}",1,30
ReliefF,SVM (RBF),0.5956834532374101,0.5956153467170899,0.5956834532374101,0.5956481682362069,0.9520135287860658,"{'pca__n_components': 0.85, 'clf__gamma': 0.01, 'clf__C': 10}",1,30
ReliefF,Logistic Regression,0.5064748201438849,0.5087768425351175,0.5064748201438849,0.506861194031919,0.6080890174178966,{'clf__C': 10},1,30
ReliefF,XGBoost,0.8,0.8030758012661164,0.8,0.8001441348903767,1.0,"{'subsample': 1.0, 'n_estimators': 800, 'max_depth': 3, 'learning_rate': 0.03, 'colsample_bytree': 1.0}",1,30
ReliefF,LightGBM,0.8014388489208633,0.8036859242480792,0.8014388489208633,0.8016066693229885,1.0,"{'num_leaves': 31, 'n_estimators': 300, 'max_depth': -1, 'learning_rate': 0.1}",1,30
ReliefF,Stacking Ensemble,0.7913669064748201,0.7964325236208464,0.7913669064748201,0.791400597310819,0.9960693391836193,"{'final_estimator__n_estimators': 100, 'final_estimator__max_depth': 3, 'final_estimator__learning_rate': 0.03}",1,30
ReliefF,Soft Voting Ensemble,0.7956834532374101,0.7955833914711832,0.7956834532374101,0.7956069938228213,1.0,"{'weights': (1, 1)}",1,30
ReliefF,Random Forest,0.8054662379421221,0.818409262133904,0.8054662379421221,0.8020443323040268,1.0,"{'n_estimators': 300, 'min_samples_split': 2, 'min_samples_leaf': 2, 'max_features': 'log2', 'max_depth': None}",1,50
ReliefF,SVM (RBF),0.6832797427652733,0.6831390925508444,0.6832797427652733,0.6831935121132994,1.0,"{'pca__n_components': 0.9, 'clf__gamma': 'scale', 'clf__C': 50}",1,50
ReliefF,Logistic Regression,0.5241157556270096,0.5238035626519592,0.5241157556270096,0.5239380339883961,0.6522572953921112,{'clf__C': 100},1,50
ReliefF,XGBoost,0.8022508038585209,0.8050081103277884,0.8022508038585209,0.8010381262216487,1.0,"{'subsample': 1.0, 'n_estimators': 300, 'max_depth': 5, 'learning_rate': 0.1, 'colsample_bytree': 1.0}",1,50
ReliefF,LightGBM,0.8038585209003215,0.806845461040141,0.8038585209003215,0.8026024272969207,1.0,"{'num_leaves': 127, 'n_estimators': 500, 'max_depth': -1, 'learning_rate': 0.03}",1,50
ReliefF,Stacking Ensemble,0.7909967845659164,0.7970628202836398,0.7909967845659164,0.7887426989617504,1.0,"{'final_estimator__n_estimators': 300, 'final_estimator__max_depth': 4, 'final_estimator__learning_rate': 0.1}",1,50
ReliefF,Soft Voting Ensemble,0.797427652733119,0.8103078930990542,0.797427652733119,0.793772703301955,1.0,"{'weights': (1, 1)}",1,50
ReliefF,Random Forest,0.8296178343949044,0.8422089806035103,0.8296178343949044,0.8271458440554729,1.0,"{'n_estimators': 1000, 'min_samples_split': 5, 'min_samples_leaf': 2, 'max_features': 'sqrt', 'max_depth': 20}",1,70
ReliefF,SVM (RBF),0.5477707006369427,0.5472199267899451,0.5477707006369427,0.5473565375290109,0.727777947108009,"{'pca__n_components': 0.9, 'clf__gamma': 0.001, 'clf__C': 10}",1,70
ReliefF,Logistic Regression,0.5286624203821656,0.5291783277300135,0.5286624203821656,0.5288346596641657,0.6805043331606164,{'clf__C': 0.01},1,70
ReliefF,XGBoost,0.821656050955414,0.8295949034866926,0.821656050955414,0.8197931535633851,1.0,"{'subsample': 0.8, 'n_estimators': 300, 'max_depth': 7, 'learning_rate': 0.03, 'colsample_bytree': 0.7}",1,70
ReliefF,LightGBM,0.8136942675159236,0.8181677113733677,0.8136942675159236,0.8123816529732037,1.0,"{'num_leaves': 127, 'n_estimators': 300, 'max_depth': 10, 'learning_rate': 0.05}",1,70
ReliefF,Soft Voting Ensemble,0.8312101910828026,0.838801175705699,0.8312101910828026,0.8295596813818049,1.0,"{'weights': (1, 1)}",1,70
ReliefF,Random Forest,0.8279569892473119,0.8393613554903877,0.8279569892473119,0.8264079825478579,1.0,"{'n_estimators': 1000, 'min_samples_split': 2, 'min_samples_leaf': 2, 'max_features': 'log2', 'max_depth': 20}",1,90
ReliefF,SVM (RBF),0.5345622119815668,0.534544408554442,0.5345622119815668,0.5341884555475331,0.5722146713482087,"{'pca__n_components': 0.9, 'clf__gamma': 0.0001, 'clf__C': 50}",1,90
ReliefF,Logistic Regression,0.5207373271889401,0.5206805681311405,0.5207373271889401,0.520467997120066,0.7006078453581002,{'clf__C': 0.01},1,90
ReliefF,XGBoost,0.82642089093702,0.8326767751845795,0.82642089093702,0.8255313688868606,1.0,"{'subsample': 0.8, 'n_estimators': 300, 'max_depth': 7, 'learning_rate': 0.03, 'colsample_bytree': 0.7}",1,90
ReliefF,LightGBM,0.8279569892473119,0.833959779894916,0.8279569892473119,0.8271130810464054,1.0,"{'num_leaves': 63, 'n_estimators': 800, 'max_depth': -1, 'learning_rate': 0.05}",1,90
ReliefF,Soft Voting Ensemble,0.8463901689708141,0.8492945565322904,0.8463901689708141,0.846030411659172,1.0,"{'weights': (1, 1)}",1,90
LASSO,Random Forest,0.7471264367816092,0.7487056381981927,0.7471264367816092,0.7449352808815048,0.9999783113193225,"{'n_estimators': 600, 'min_samples_split': 5, 'min_samples_leaf': 1, 'max_features': 'log2', 'max_depth': 10}",2,10
LASSO,SVM (RBF),0.5812807881773399,0.5859187721109166,0.5812807881773399,0.5816760396172409,0.9417984254017828,"{'pca__n_components': 0.9, 'clf__gamma': 'scale', 'clf__C': 10}",2,10
LASSO,Logistic Regression,0.4663382594417077,0.4718539219195387,0.4663382594417077,0.4660562223091947,0.5382046110135121,{'clf__C': 0.01},2,10
LASSO,XGBoost,0.7208538587848933,0.7203778782051592,0.7208538587848933,0.7203344916988096,1.0,"{'subsample': 0.8, 'n_estimators': 800, 'max_depth': 3, 'learning_rate': 0.05, 'colsample_bytree': 0.8}",2,10
LASSO,LightGBM,0.7339901477832512,0.7335924649200722,0.7339901477832512,0.7335924230792388,1.0,"{'num_leaves': 127, 'n_estimators': 500, 'max_depth': -1, 'learning_rate': 0.03}",2,10
LASSO,Soft Voting Ensemble,0.7307060755336617,0.7334492021388572,0.7307060755336617,0.7273874066175589,1.0,"{'weights': (1, 1)}",2,10
LASSO,Random Forest,0.7823240589198036,0.7934797644025632,0.7823240589198036,0.7778828119110167,1.0,"{'n_estimators': 1000, 'min_samples_split': 5, 'min_samples_leaf': 1, 'max_features': 'sqrt', 'max_depth': 10}",2,30
LASSO,SVM (RBF),0.5286415711947627,0.5277845455707303,0.5286415711947627,0.5281228124578385,0.949918163414739,"{'pca__n_components': 0.85, 'clf__gamma': 'scale', 'clf__C': 1}",2,30
LASSO,Logistic Regression,0.4713584288052373,0.4762460264950079,0.4713584288052373,0.47123098285070664,0.6033832967222293,{'clf__C': 10},2,30
LASSO,XGBoost,0.7463175122749591,0.7462529213447703,0.7463175122749591,0.745394093591223,1.0,"{'subsample': 0.8, 'n_estimators': 800, 'max_depth': 3, 'learning_rate': 0.05, 'colsample_bytree': 0.8}",2,30
LASSO,LightGBM,0.7446808510638298,0.7451003895714714,0.7446808510638298,0.7433026212710496,1.0,"{'num_leaves': 63, 'n_estimators': 300, 'max_depth': 5, 'learning_rate': 0.1}",2,30
LASSO,Stacking Ensemble,0.7512274959083469,0.7527053342240214,0.7512274959083469,0.7493000986062966,1.0,"{'final_estimator__n_estimators': 300, 'final_estimator__max_depth': 4, 'final_estimator__learning_rate': 0.1}",2,30
LASSO,Soft Voting Ensemble,0.6873977086743044,0.6911146329361406,0.6873977086743044,0.6816323273371241,1.0,"{'weights': (1, 2)}",2,30
LASSO,Random Forest,0.782051282051282,0.7916942599051662,0.782051282051282,0.7787875899460727,1.0,"{'n_estimators': 600, 'min_samples_split': 5, 'min_samples_leaf': 1, 'max_features': 'log2', 'max_depth': 10}",2,50
LASSO,SVM (RBF),0.4375,0.4401245800671892,0.4375,0.4365243183237356,0.3603311401476539,"{'pca__n_components': 0.95, 'clf__gamma': 0.0001, 'clf__C': 50}",2,50
LASSO,Logistic Regression,0.44551282051282054,0.44787402390495173,0.44551282051282054,0.4452051993314129,0.6520557254502208,{'clf__C': 0.01},2,50
LASSO,XGBoost,0.7660256410256411,0.7674328590554632,0.7660256410256411,0.7649339353566678,1.0,"{'subsample': 0.7, 'n_estimators': 800, 'max_depth': 3, 'learning_rate': 0.05, 'colsample_bytree': 0.7}",2,50
LASSO,LightGBM,0.7516025641025641,0.7531917735042735,0.7516025641025641,0.7502626344457838,1.0,"{'num_leaves': 127, 'n_estimators': 300, 'max_depth': 10, 'learning_rate': 0.05}",2,50
LASSO,Stacking Ensemble,0.7419871794871795,0.7504630914036702,0.7419871794871795,0.7377983403184468,0.9985378762137174,"{'final_estimator__n_estimators': 200, 'final_estimator__max_depth': 2, 'final_estimator__learning_rate': 0.03}",2,50
LASSO,Soft Voting Ensemble,0.7035256410256411,0.70522183319398,0.7035256410256411,0.701280108198877,1.0,"{'weights': (1, 2)}",2,50
LASSO,Random Forest,0.7939297124600639,0.8024366591965253,0.7939297124600639,0.7913340854029889,1.0,"{'n_estimators': 1000, 'min_samples_split': 2, 'min_samples_leaf': 2, 'max_features': 'log2', 'max_depth': 20}",2,70
LASSO,SVM (RBF),0.4584664536741214,0.4571993927580955,0.4584664536741214,0.4575709025010483,0.2670369120309288,"{'pca__n_components': 0.9, 'clf__gamma': 0.001, 'clf__C': 10}",2,70
LASSO,Logistic Regression,0.4440894568690096,0.4462202344228923,0.4440894568690096,0.4436808368256681,0.6583923987194829,{'clf__C': 10},2,70
LASSO,XGBoost,0.7859424920127795,0.7899341061261583,0.7859424920127795,0.7843162178420754,1.0,"{'subsample': 0.8, 'n_estimators': 300, 'max_depth': 7, 'learning_rate': 0.05, 'colsample_bytree': 0.8}",2,70
LASSO,LightGBM,0.7843450479233227,0.7851833257264568,0.7843450479233227,0.7836952161622643,1.0,"{'num_leaves': 63, 'n_estimators': 800, 'max_depth': 10, 'learning_rate': 0.1}",2,70
LASSO,Soft Voting Ensemble,0.7699680511182109,0.7714920879334309,0.7699680511182109,0.7689378240182647,1.0,"{'weights': (1, 1)}",2,70
LASSO,Random Forest,0.8096723868954758,0.8187991640134364,0.8096723868954758,0.8078615282895567,1.0,"{'n_estimators': 300, 'min_samples_split': 2, 'min_samples_leaf': 2, 'max_features': 'sqrt', 'max_depth': 20}",2,90
LASSO,SVM (RBF),0.5382215288611545,0.5378137311156371,0.5382215288611545,0.5375929369727482,0.9537534817585072,"{'pca__n_components': 0.9, 'clf__gamma': 0.001, 'clf__C': 50}",2,90
LASSO,Logistic Regression,0.4711388455538221,0.47171890387467996,0.4711388455538221,0.47092257243477664,0.6861450359375912,{'clf__C': 10},2,90
LASSO,XGBoost,0.7893915756630265,0.7917176876190076,0.7893915756630265,0.7886891098282673,1.0,"{'subsample': 1.0, 'n_estimators': 300, 'max_depth': 3, 'learning_rate': 0.03, 'colsample_bytree': 1.0}",2,90
LASSO,LightGBM,0.7940717628705148,0.7959734010359135,0.7940717628705148,0.7934940365356551,1.0,"{'num_leaves': 31, 'n_estimators': 800, 'max_depth': 5, 'learning_rate': 0.03}",2,90
LASSO,Stacking Ensemble,0.7956318252730109,0.8026850605076169,0.7956318252730109,0.7939919965617535,0.9999415648921872,"{'final_estimator__n_estimators': 300, 'final_estimator__max_depth': 4, 'final_estimator__learning_rate': 0.1}",2,90
LASSO,Soft Voting Ensemble,0.7628705148205929,0.7644752909194473,0.7628705148205929,0.7622052541925723,1.0,"{'weights': (1, 2)}",2,90
RF_importance,Random Forest,0.7984496124031008,0.8042629546363093,0.7984496124031008,0.7972149332732698,1.0,"{'n_estimators': 300, 'min_samples_split': 5, 'min_samples_leaf': 1, 'max_features': 'log2', 'max_depth': 20}",2,10
RF_importance,SVM (RBF),0.5674418604651162,0.5687677655704992,0.5674418604651162,0.5629492529714974,0.7109418575577482,"{'pca__n_components': 0.9, 'clf__gamma': 0.01, 'clf__C': 10}",2,10
RF_importance,Logistic Regression,0.5364341085271318,0.5361451886648055,0.5364341085271318,0.5353476495466611,0.5889735156655703,{'clf__C': 0.1},2,10
RF_importance,XGBoost,0.8077519379844961,0.8080790716506127,0.8077519379844961,0.8076353634493169,1.0,"{'subsample': 1.0, 'n_estimators': 300, 'max_depth': 5, 'learning_rate': 0.1, 'colsample_bytree': 1.0}",2,10
RF_importance,LightGBM,0.8124031007751938,0.8125187768684184,0.8124031007751938,0.8124121196617672,1.0,"{'num_leaves': 127, 'n_estimators': 800, 'max_depth': -1, 'learning_rate': 0.1}",2,10
RF_importance,Soft Voting Ensemble,0.7751937984496124,0.7752061724491262,0.7751937984496124,0.7751981220511337,0.9996922662666128,"{'weights': (1, 1)}",2,10
RF_importance,Random Forest,0.8231511254019293,0.835800827708789,0.8231511254019293,0.8202741024994579,1.0,"{'n_estimators': 1000, 'min_samples_split': 2, 'min_samples_leaf': 1, 'max_features': 'log2', 'max_depth': 20}",2,30
RF_importance,SVM (RBF),0.657556270096463,0.6570617459238709,0.657556270096463,0.656692771127535,0.9963924739542839,"{'pca__n_components': 0.9, 'clf__gamma': 0.1, 'clf__C': 50}",2,30
RF_importance,Logistic Regression,0.4983922829581994,0.49789130912641405,0.4983922829581994,0.498095566064557,0.6274814699631991,{'clf__C': 10},2,30
RF_importance,XGBoost,0.8006430868167203,0.8024916937593456,0.8006430868167203,0.7996750316305232,1.0,"{'subsample': 0.7, 'n_estimators': 300, 'max_depth': 7, 'learning_rate': 0.05, 'colsample_bytree': 1.0}",2,30
RF_importance,LightGBM,0.7942122186495176,0.7962871624397849,0.7942122186495176,0.793111208753163,1.0,"{'num_leaves': 63, 'n_estimators': 500, 'max_depth': 5, 'learning_rate': 0.1}",2,30
RF_importance,Stacking Ensemble,0.7990353697749196,0.8208478830610695,0.7990353697749196,0.7936800106527759,0.965458974757684,"{'final_estimator__n_estimators': 100, 'final_estimator__max_depth': 2, 'final_estimator__learning_rate': 0.03}",2,30
RF_importance,Soft Voting Ensemble,0.8006430868167203,0.8053863536329716,0.8006430868167203,0.7988938463975086,1.0,"{'weights': (2, 1)}",2,30
RF_importance,Random Forest,0.7996742671009772,0.8169805742789262,0.7996742671009772,0.7947067478192477,1.0,"{'n_estimators': 600, 'min_samples_split': 5, 'min_samples_leaf': 1, 'max_features': 'log2', 'max_depth': 20}",2,50
RF_importance,SVM (RBF),0.6107491856677525,0.6118008787122993,0.6107491856677525,0.6110792916341015,0.9916354995791111,"{'pca__n_components': 0.9, 'clf__gamma': 0.01, 'clf__C': 10}",2,50
RF_importance,Logistic Regression,0.5325732899022801,0.5362294755035565,0.5325732899022801,0.5328597375196709,0.6657716118445587,{'clf__C': 10},2,50
RF_importance,XGBoost,0.8143322475570033,0.8204240797023429,0.8143322475570033,0.8122083305942808,1.0,"{'subsample': 1.0, 'n_estimators': 300, 'max_depth': 7, 'learning_rate': 0.1, 'colsample_bytree': 1.0}",2,50
RF_importance,LightGBM,0.8110749185667753,0.8159109969078625,0.8110749185667753,0.8091874041023291,1.0,"{'num_leaves': 127, 'n_estimators': 500, 'max_depth': -1, 'learning_rate': 0.03}",2,50
RF_importance,Stacking Ensemble,0.7980456026058632,0.8024746999951693,0.7980456026058632,0.796027914730076,1.0,"{'final_estimator__n_estimators': 300, 'final_estimator__max_depth': 4, 'final_estimator__learning_rate': 0.1}",2,50
RF_importance,Soft Voting Ensemble,0.7850162866449512,0.7937594502085178,0.7850162866449512,0.7815015282276108,0.9995950942471418,"{'weights': (1, 2)}",2,50
RF_importance,Random Forest,0.7864238410596026,0.8003524704583821,0.7864238410596026,0.7809397929505056,1.0,"{'n_estimators': 600, 'min_samples_split': 2, 'min_samples_leaf': 2, 'max_features': 'sqrt', 'max_depth': 20}",2,70
RF_importance,SVM (RBF),0.5,0.5027418594193839,0.5,0.5008243660624979,0.7026021484008433,"{'pca__n_components': 0.95, 'clf__gamma': 0.0001, 'clf__C': 50}",2,70
RF_importance,Logistic Regression,0.4718543046357616,0.47654837961186053,0.4718543046357616,0.4726148184445671,0.7028229501319291,{'clf__C': 10},2,70
RF_importance,XGBoost,0.7947019867549668,0.8052518290583935,0.7947019867549668,0.790444541741506,1.0,"{'subsample': 0.8, 'n_estimators': 300, 'max_depth': 7, 'learning_rate': 0.03, 'colsample_bytree': 0.7}",2,70
RF_importance,LightGBM,0.7897350993377483,0.7954184027632425,0.7897350993377483,0.7866808729138485,1.0,"{'num_leaves': 127, 'n_estimators': 500, 'max_depth': -1, 'learning_rate': 0.03}",2,70
RF_importance,Stacking Ensemble,0.7632450331125827,0.7687964003322347,0.7632450331125827,0.7593804352743821,0.9999447995672286,"{'final_estimator__n_estimators': 300, 'final_estimator__max_depth': 2, 'final_estimator__learning_rate': 0.03}",2,70
RF_importance,Soft Voting Ensemble,0.804635761589404,0.818639677608941,0.804635761589404,0.7999525861560649,1.0,"{'weights': (2, 1)}",2,70
RF_importance,Random Forest,0.8196457326892109,0.8369906371532742,0.8196457326892109,0.8158293895055864,1.0,"{'n_estimators': 1000, 'min_samples_split': 2, 'min_samples_leaf': 1, 'max_features': 'sqrt', 'max_depth': 20}",2,90
RF_importance,SVM (RBF),0.6360708534621579,0.6353928514017343,0.6360708534621579,0.6346100325735534,0.975061890199505,"{'pca__n_components': 0.85, 'clf__gamma': 'scale', 'clf__C': 1}",2,90
RF_importance,Logistic Regression,0.5426731078904992,0.5460778410128477,0.5426731078904992,0.5425450290372198,0.734891510120868,{'clf__C': 10},2,90
RF_importance,XGBoost,0.8276972624798712,0.8323618987607645,0.8276972624798712,0.8263221582339882,1.0,"{'subsample': 0.7, 'n_estimators': 300, 'max_depth': 7, 'learning_rate': 0.05, 'colsample_bytree': 1.0}",2,90
RF_importance,LightGBM,0.8148148148148148,0.8170219946989918,0.8148148148148148,0.8138518683539586,1.0,"{'num_leaves': 63, 'n_estimators': 500, 'max_depth': 5, 'learning_rate': 0.1}",2,90
RF_importance,Soft Voting Ensemble,0.8309178743961353,0.8362145620416883,0.8309178743961353,0.8294632513419623,1.0,"{'weights': (1, 1)}",2,90
Boruta,Random Forest,0.7562408223201175,0.7574680092301238,0.7562408223201175,0.7563259866290895,1.0,"{'n_estimators': 1000, 'min_samples_split': 5, 'min_samples_leaf': 1, 'max_features': 'log2', 'max_depth': 20}",2,10
Boruta,SVM (RBF),0.49045521292217326,0.48374205206979665,0.49045521292217326,0.4782919361716132,0.4512776654745245,"{'pca__n_components': 0.85, 'clf__gamma': 0.0001, 'clf__C': 50}",2,10
Boruta,Logistic Regression,0.4831130690161527,0.48183875450310437,0.4831130690161527,0.4820603735124504,0.5551236199657907,{'clf__C': 0.01},2,10
Boruta,XGBoost,0.7606461086637298,0.7608417842633931,0.7606461086637298,0.7607029405980735,1.0,"{'subsample': 0.8, 'n_estimators': 800, 'max_depth': 7, 'learning_rate': 0.03, 'colsample_bytree': 0.7}",2,10
Boruta,LightGBM,0.7562408223201175,0.7561927969570399,0.7562408223201175,0.7562102813361343,1.0,"{'num_leaves': 127, 'n_estimators': 800, 'max_depth': -1, 'learning_rate': 0.1}",2,10
Boruta,Stacking Ensemble,0.748898678414097,0.7588643193196319,0.748898678414097,0.7477729142287355,0.999360735327148,"{'final_estimator__n_estimators': 200, 'final_estimator__max_depth': 2, 'final_estimator__learning_rate': 0.05}",2,10
Boruta,Soft Voting Ensemble,0.7562408223201175,0.7561777013131257,0.7562408223201175,0.7560457694304881,0.9999827225764094,"{'weights': (1, 1)}",2,10
Boruta,Random Forest,0.7915966386554621,0.8000551204381574,0.7915966386554621,0.787218416778476,1.0,"{'n_estimators': 300, 'min_samples_split': 5, 'min_samples_leaf': 1, 'max_features': 'sqrt', 'max_depth': 20}",2,30
Boruta,SVM (RBF),0.5932773109243697,0.5909223855015651,0.5932773109243697,0.5914295495301151,0.9975124378109453,"{'pca__n_components': 0.85, 'clf__gamma': 0.1, 'clf__C': 1}",2,30
Boruta,Logistic Regression,0.48067226890756304,0.4874122260758469,0.48067226890756304,0.4817558504228718,0.6179652197726961,{'clf__C': 1},2,30
Boruta,XGBoost,0.7445378151260504,0.7439852648026855,0.7445378151260504,0.743227654610298,1.0,"{'subsample': 1.0, 'n_estimators': 300, 'max_depth': 7, 'learning_rate': 0.05, 'colsample_bytree': 1.0}",2,30
Boruta,LightGBM,0.7495798319327731,0.7489481667432939,0.7495798319327731,0.7487823360668987,1.0,"{'num_leaves': 63, 'n_estimators': 300, 'max_depth': 5, 'learning_rate': 0.1}",2,30
Boruta,Stacking Ensemble,0.7563025210084033,0.7594978679317836,0.7563025210084033,0.7525355993706482,0.9999429458213519,"{'final_estimator__n_estimators': 300, 'final_estimator__max_depth': 2, 'final_estimator__learning_rate': 0.05}",2,30
Boruta,Soft Voting Ensemble,0.7798319327731092,0.785845118963447,0.7798319327731092,0.7757840254646029,1.0,"{'weights': (1, 1)}",2,30
Boruta,Random Forest,0.8123209169054442,0.8170943763783871,0.8123209169054442,0.8124206980480402,1.0,"{'n_estimators': 1000, 'min_samples_split': 2, 'min_samples_leaf': 2, 'max_features': 'log2', 'max_depth': 20}",2,50
Boruta,SVM (RBF),0.6174785100286533,0.6162348734142344,0.6174785100286533,0.6156317466436565,0.9809548538127385,"{'pca__n_components': 0.85, 'clf__gamma': 'scale', 'clf__C': 1}",2,50
Boruta,Logistic Regression,0.5372492836676218,0.536516021090191,0.5372492836676218,0.5367935975195598,0.6583578558652127,{'clf__C': 10},2,50
Boruta,XGBoost,0.8108882521489972,0.813846649277573,0.8108882521489972,0.8110622380017727,1.0,"{'subsample': 0.8, 'n_estimators': 300, 'max_depth': 7, 'learning_rate': 0.03, 'colsample_bytree': 0.7}",2,50
Boruta,LightGBM,0.8252148997134671,0.8266484467613024,0.8252148997134671,0.8253830286329416,1.0,"{'num_leaves': 31, 'n_estimators': 800, 'max_depth': 5, 'learning_rate': 0.05}",2,50
Boruta,Stacking Ensemble,0.8252148997134671,0.8375985982791146,0.8252148997134671,0.8248142667609535,0.9995960994749293,"{'final_estimator__n_estimators': 200, 'final_estimator__max_depth': 4, 'final_estimator__learning_rate': 0.03}",2,50
Boruta,Soft Voting Ensemble,0.8123209169054442,0.8128344203644193,0.8123209169054442,0.8124425660120409,1.0,"{'weights': (2, 1)}",2,50
Boruta,Random Forest,0.8170144462279294,0.8331171025477015,0.8170144462279294,0.813419879405579,1.0,"{'n_estimators': 300, 'min_samples_split': 5, 'min_samples_leaf': 1, 'max_features': 'log2', 'max_depth': 20}",2,70
Boruta,SVM (RBF),0.5698234349919743,0.5705827977997044,0.5698234349919743,0.5700564498870747,0.7573973055624432,"{'pca__n_components': 0.9, 'clf__gamma': 0.001, 'clf__C': 10}",2,70
Boruta,Logistic Regression,0.5521669341894061,0.5553417669148982,0.5521669341894061,0.5520053919859409,0.7068249442102654,{'clf__C': 10},2,70
Boruta,XGBoost,0.7961476725521669,0.7988168689201096,0.7961476725521669,0.7949206480444384,1.0,"{'subsample': 0.7, 'n_estimators': 800, 'max_depth': 3, 'learning_rate': 0.05, 'colsample_bytree': 0.7}",2,70
Boruta,LightGBM,0.7993579454253612,0.8010577668764767,0.7993579454253612,0.7984500368542005,1.0,"{'num_leaves': 127, 'n_estimators': 500, 'max_depth': -1, 'learning_rate': 0.03}",2,70
Boruta,Soft Voting Ensemble,0.8186195826645265,0.8266984043546236,0.8186195826645265,0.8165005513556237,0.9999483428382511,"{'weights': (1, 2)}",2,70
Boruta,Random Forest,0.8081967213114755,0.8310962160198194,0.8081967213114755,0.8022800812747353,0.9999999999999998,"{'n_estimators': 600, 'min_samples_split': 2, 'min_samples_leaf': 1, 'max_features': 'sqrt', 'max_depth': None}",2,90
Boruta,SVM (RBF),0.6245901639344262,0.6241764913173155,0.6245901639344262,0.6243413793560636,1.0,"{'pca__n_components': 0.9, 'clf__gamma': 0.01, 'clf__C': 10}",2,90
Boruta,Logistic Regression,0.5360655737704918,0.5409494535519125,0.5360655737704918,0.5363087161829483,0.7436271490474492,{'clf__C': 10},2,90
Boruta,XGBoost,0.8049180327868852,0.8082370330556303,0.8049180327868852,0.8031889492492349,1.0,"{'subsample': 0.7, 'n_estimators': 500, 'max_depth': 5, 'learning_rate': 0.1, 'colsample_bytree': 0.7}",2,90
Boruta,LightGBM,0.8016393442622951,0.8053239295370604,0.8016393442622951,0.7997447587597369,1.0,"{'num_leaves': 63, 'n_estimators': 500, 'max_depth': 5, 'learning_rate': 0.1}",2,90
Boruta,Stacking Ensemble,0.8,0.8102409007898196,0.8,0.7963576305755077,0.999989193978885,"{'final_estimator__n_estimators': 100, 'final_estimator__max_depth': 3, 'final_estimator__learning_rate': 0.05}",2,90
Boruta,Soft Voting Ensemble,0.7950819672131147,0.8054218732087585,0.7950819672131147,0.7912518032623246,1.0,"{'weights': (1, 1)}",2,90
RFE_SVM,Random Forest,0.7893217893217893,0.7893217893217893,0.7893217893217893,0.7893217893217893,0.9999415116725991,"{'n_estimators': 300, 'min_samples_split': 5, 'min_samples_leaf': 2, 'max_features': 'sqrt', 'max_depth': 20}",2,10
RFE_SVM,SVM (RBF),0.6219336219336219,0.6246923011628893,0.6219336219336219,0.6221462098655082,0.7865677378386056,"{'pca__n_components': 0.9, 'clf__gamma': 0.01, 'clf__C': 50}",2,10
RFE_SVM,Logistic Regression,0.5800865800865801,0.5794118583293616,0.5800865800865801,0.579603162264769,0.638283116926522,{'clf__C': 100},2,10
RFE_SVM,XGBoost,0.7676767676767676,0.7675832398054621,0.7676767676767676,0.7676155897354052,0.9825871893852041,"{'subsample': 1.0, 'n_estimators': 300, 'max_depth': 3, 'learning_rate': 0.03, 'colsample_bytree': 1.0}",2,10
RFE_SVM,LightGBM,0.7936507936507936,0.7935465708295898,0.7936507936507936,0.7934642808571818,1.0,"{'num_leaves': 31, 'n_estimators': 300, 'max_depth': -1, 'learning_rate': 0.1}",2,10
RFE_SVM,Stacking Ensemble,0.7806637806637806,0.782311318084502,0.7806637806637806,0.7808374623631517,0.9996323590849083,"{'final_estimator__n_estimators': 300, 'final_estimator__max_depth': 2, 'final_estimator__learning_rate': 0.03}",2,10
RFE_SVM,Soft Voting Ensemble,0.7806637806637806,0.7830494228427666,0.7806637806637806,0.7792015638803034,0.9998746678698551,"{'weights': (1, 1)}",2,10
RFE_SVM,Random Forest,0.803921568627451,0.8108030873576739,0.803921568627451,0.8013008127988965,1.0,"{'n_estimators': 1000, 'min_samples_split': 5, 'min_samples_leaf': 2, 'max_features': 'log2', 'max_depth': 20}",2,30
RFE_SVM,SVM (RBF),0.6078431372549019,0.6061073029030943,0.6078431372549019,0.6040783084393633,0.764601105209507,"{'pca__n_components': 0.95, 'clf__gamma': 0.001, 'clf__C': 50}",2,30
RFE_SVM,Logistic Regression,0.6258169934640523,0.6287552726709141,0.6258169934640523,0.6262419117090398,0.7292987821235045,{'clf__C': 10},2,30
RFE_SVM,XGBoost,0.8218954248366013,0.8233590571953391,0.8218954248366013,0.8209981179741189,1.0,"{'subsample': 0.7, 'n_estimators': 500, 'max_depth': 5, 'learning_rate': 0.1, 'colsample_bytree': 0.7}",2,30
RFE_SVM,LightGBM,0.8006535947712419,0.8010509189810446,0.8006535947712419,0.7999867764748199,1.0,"{'num_leaves': 63, 'n_estimators': 500, 'max_depth': 5, 'learning_rate': 0.1}",2,30
RFE_SVM,Stacking Ensemble,0.7843137254901961,0.7882409520607742,0.7843137254901961,0.782090761282996,0.9988518697355008,"{'final_estimator__n_estimators': 100, 'final_estimator__max_depth': 3, 'final_estimator__learning_rate': 0.03}",2,30
RFE_SVM,Soft Voting Ensemble,0.7990196078431373,0.8014348391290217,0.7990196078431373,0.7975502098076186,1.0,"{'weights': (1, 1)}",2,30
RFE_SVM,Random Forest,0.8044871794871795,0.8137704345863341,0.8044871794871795,0.8018723635495815,1.0,"{'n_estimators': 300, 'min_samples_split': 5, 'min_samples_leaf': 2, 'max_features': 'sqrt', 'max_depth': 10}",2,50
RFE_SVM,SVM (RBF),0.6394230769230769,0.6400393793221207,0.6394230769230769,0.6395982965316531,0.9892091145913775,"{'pca__n_components': 0.85, 'clf__gamma': 0.01, 'clf__C': 10}",2,50
RFE_SVM,Logistic Regression,0.5977564102564102,0.5999358671130194,0.5977564102564102,0.5978855493846466,0.7567829158043227,{'clf__C': 0.1},2,50
RFE_SVM,XGBoost,0.7852564102564102,0.7887293489279833,0.7852564102564102,0.7836925101656841,0.9992277515213295,"{'subsample': 0.8, 'n_estimators': 300, 'max_depth': 3, 'learning_rate': 0.03, 'colsample_bytree': 0.8}",2,50
RFE_SVM,LightGBM,0.7964743589743589,0.7969840112791936,0.7964743589743589,0.7959847088114418,1.0,"{'num_leaves': 127, 'n_estimators': 300, 'max_depth': 10, 'learning_rate': 0.05}",2,50
RFE_SVM,Stacking Ensemble,0.7756410256410257,0.7856696857909771,0.7756410256410257,0.7720941091808805,0.9796641233950103,"{'final_estimator__n_estimators': 100, 'final_estimator__max_depth': 2, 'final_estimator__learning_rate': 0.03}",2,50
RFE_SVM,Soft Voting Ensemble,0.7916666666666666,0.7944689845160064,0.7916666666666666,0.7903810191678354,1.0,"{'weights': (2, 1)}",2,50
RFE_SVM,Random Forest,0.8154574132492114,0.8243159715094742,0.8154574132492114,0.813536700081816,1.0,"{'n_estimators': 300, 'min_samples_split': 2, 'min_samples_leaf': 1, 'max_features': 'log2', 'max_depth': 10}",2,70
RFE_SVM,SVM (RBF),0.6608832807570978,0.661448221009549,0.6608832807570978,0.6609668205523203,1.0,"{'pca__n_components': 0.95, 'clf__gamma': 0.01, 'clf__C': 50}",2,70
RFE_SVM,Logistic Regression,0.582018927444795,0.5834097135224066,0.582018927444795,0.5819471749649746,0.777615077349112,{'clf__C': 10},2,70
RFE_SVM,XGBoost,0.8201892744479495,0.8237495342599488,0.8201892744479495,0.819280347055359,1.0,"{'subsample': 0.7, 'n_estimators': 800, 'max_depth': 5, 'learning_rate': 0.03, 'colsample_bytree': 0.7}",2,70
RFE_SVM,LightGBM,0.807570977917981,0.809461588453644,0.807570977917981,0.8069238534054596,1.0,"{'num_leaves': 127, 'n_estimators': 300, 'max_depth': 10, 'learning_rate': 0.05}",2,70
RFE_SVM,Stacking Ensemble,0.8107255520504731,0.8220269409005159,0.8107255520504731,0.8082908521947545,0.9921505344211021,"{'final_estimator__n_estimators': 200, 'final_estimator__max_depth': 2, 'final_estimator__learning_rate': 0.03}",2,70
RFE_SVM,Soft Voting Ensemble,0.8217665615141956,0.8265456343333989,0.8217665615141956,0.8206472178360834,1.0,"{'weights': (2, 1)}",2,70
RFE_SVM,Random Forest,0.8227060653188181,0.8290409940124958,0.8227060653188181,0.8215728017967944,1.0,"{'n_estimators': 1000, 'min_samples_split': 5, 'min_samples_leaf': 2, 'max_features': 'sqrt', 'max_depth': 20}",2,90
RFE_SVM,SVM (RBF),0.6111975116640747,0.6114645623872837,0.6111975116640747,0.6101668162093767,0.9801320017032477,"{'pca__n_components': 0.85, 'clf__gamma': 'scale', 'clf__C': 1}",2,90
RFE_SVM,Logistic Regression,0.614307931570762,0.6146238133702306,0.614307931570762,0.614317260242528,0.81539116633763,{'clf__C': 10},2,90
RFE_SVM,XGBoost,0.8273716951788491,0.8309874260720288,0.8273716951788491,0.8266960100994559,1.0,"{'subsample': 0.8, 'n_estimators': 300, 'max_depth': 7, 'learning_rate': 0.05, 'colsample_bytree': 0.8}",2,90
RFE_SVM,LightGBM,0.833592534992224,0.8377559941800148,0.833592534992224,0.8328737139975535,1.0,"{'num_leaves': 31, 'n_estimators': 800, 'max_depth': 5, 'learning_rate': 0.03}",2,90
RFE_SVM,Soft Voting Ensemble,0.8413685847589425,0.8449535635347156,0.8413685847589425,0.8407786676288799,1.0,"{'weights': (2, 1)}",2,90
mRMR,Random Forest,0.7960725075528701,0.7976785852616669,0.7960725075528701,0.795911886701048,1.0,"{'n_estimators': 1000, 'min_samples_split': 2, 'min_samples_leaf': 1, 'max_features': 'log2', 'max_depth': 20}",2,10
mRMR,SVM (RBF),0.5619335347432024,0.5618299430535764,0.5619335347432024,0.5617534745410051,0.6701355607284678,"{'pca__n_components': 0.9, 'clf__gamma': 0.01, 'clf__C': 10}",2,10
mRMR,Logistic Regression,0.48489425981873113,0.4847135576503714,0.48489425981873113,0.48471430713352887,0.5626454881555525,{'clf__C': 0.01},2,10
mRMR,XGBoost,0.7613293051359517,0.7614809633695642,0.7613293051359517,0.7612312033706166,1.0,"{'subsample': 1.0, 'n_estimators': 800, 'max_depth': 7, 'learning_rate': 0.1, 'colsample_bytree': 0.8}",2,10
mRMR,LightGBM,0.770392749244713,0.7703858532208914,0.770392749244713,0.7703822683411399,1.0,"{'num_leaves': 127, 'n_estimators': 300, 'max_depth': 10, 'learning_rate': 0.05}",2,10
mRMR,Stacking Ensemble,0.7522658610271903,0.7546240129452801,0.7522658610271903,0.7518923583505591,0.9657583641425898,"{'final_estimator__n_estimators': 100, 'final_estimator__max_depth': 3, 'final_estimator__learning_rate': 0.05}",2,10
mRMR,Soft Voting Ensemble,0.7870090634441088,0.7877159027667356,0.7870090634441088,0.7869580266948569,1.0,"{'weights': (2, 1)}",2,10
mRMR,Random Forest,0.8135838150289018,0.8309929076959234,0.8135838150289018,0.812500442609725,0.9999832432658876,"{'n_estimators': 600, 'min_samples_split': 2, 'min_samples_leaf': 2, 'max_features': 'sqrt', 'max_depth': 10}",2,30
mRMR,SVM (RBF),0.6575144508670521,0.6578794805704986,0.6575144508670521,0.654613440202569,0.9959700054459386,"{'pca__n_components': 0.95, 'clf__gamma': 0.01, 'clf__C': 50}",2,30
mRMR,Logistic Regression,0.5289017341040463,0.529205237262893,0.5289017341040463,0.5290358523607258,0.615265384776507,{'clf__C': 10},2,30
mRMR,XGBoost,0.8106936416184971,0.8178857583942172,0.8106936416184971,0.8105263913410324,1.0,"{'subsample': 0.7, 'n_estimators': 500, 'max_depth': 3, 'learning_rate': 0.05, 'colsample_bytree': 0.7}",2,30
mRMR,LightGBM,0.8121387283236994,0.8161741012927521,0.8121387283236994,0.8121920837369997,1.0,"{'num_leaves': 31, 'n_estimators': 300, 'max_depth': -1, 'learning_rate': 0.1}",2,30
mRMR,Stacking Ensemble,0.8078034682080925,0.8167285850241434,0.8078034682080925,0.8074842375503849,0.9934983871643417,"{'final_estimator__n_estimators': 100, 'final_estimator__max_depth': 4, 'final_estimator__learning_rate': 0.05}",2,30
mRMR,Soft Voting Ensemble,0.8265895953757225,0.8298738009568419,0.8265895953757225,0.8266765178843062,1.0,"{'weights': (1, 1)}",2,30
mRMR,Random Forest,0.7940691927512356,0.8130045396085963,0.7940691927512356,0.7880047142897152,1.0,"{'n_estimators': 1000, 'min_samples_split': 5, 'min_samples_leaf': 1, 'max_features': 'log2', 'max_depth': 20}",2,50
mRMR,SVM (RBF),0.6375617792421746,0.6369106112040823,0.6375617792421746,0.6371253743614513,1.0,"{'pca__n_components': 0.9, 'clf__gamma': 'scale', 'clf__C': 50}",2,50
mRMR,Logistic Regression,0.49917627677100496,0.5024925260706175,0.49917627677100496,0.4999193305983213,0.6536588029707296,{'clf__C': 0.01},2,50
mRMR,XGBoost,0.7874794069192751,0.7910921035105132,0.7874794069192751,0.7851970231878858,0.9999890782000873,"{'subsample': 0.7, 'n_estimators': 300, 'max_depth': 3, 'learning_rate': 0.05, 'colsample_bytree': 0.8}",2,50
mRMR,LightGBM,0.7677100494233937,0.7682434525674593,0.7677100494233937,0.7664313997132167,1.0,"{'num_leaves': 127, 'n_estimators': 500, 'max_depth': -1, 'learning_rate': 0.03}",2,50
mRMR,Stacking Ensemble,0.7693574958813838,0.7776045193674717,0.7693574958813838,0.7649861500431886,0.9945172564438619,"{'final_estimator__n_estimators': 100, 'final_estimator__max_depth': 3, 'final_estimator__learning_rate': 0.03}",2,50
mRMR,Soft Voting Ensemble,0.7957166392092258,0.8090663501798911,0.7957166392092258,0.7910005474151215,1.0,"{'weights': (2, 1)}",2,50
mRMR,Random Forest,0.7828947368421053,0.8086835553642067,0.7828947368421053,0.7747330713661983,1.0,"{'n_estimators': 1000, 'min_samples_split': 2, 'min_samples_leaf': 2, 'max_features': 'log2', 'max_depth': 20}",2,70
mRMR,SVM (RBF),0.5328947368421053,0.5300386339118919,0.5328947368421053,0.5304956448408115,0.9003994036153102,"{'pca__n_components': 0.9, 'clf__gamma': 0.001, 'clf__C': 50}",2,70
mRMR,Logistic Regression,0.5,0.5017436508366275,0.5,0.5006076388888888,0.675797446864083,{'clf__C': 0.01},2,70
mRMR,XGBoost,0.7631578947368421,0.7644924691870311,0.7631578947368421,0.7613844998330922,1.0,"{'subsample': 1.0, 'n_estimators': 800, 'max_depth': 3, 'learning_rate': 0.03, 'colsample_bytree': 1.0}",2,70
mRMR,LightGBM,0.7713815789473685,0.7737265712462297,0.7713815789473685,0.7692905510342866,1.0,"{'num_leaves': 63, 'n_estimators': 500, 'max_depth': 5, 'learning_rate': 0.1}",2,70
mRMR,Stacking Ensemble,0.756578947368421,0.7661553487033682,0.756578947368421,0.7512883129408863,0.9929913916005527,"{'final_estimator__n_estimators': 100, 'final_estimator__max_depth': 3, 'final_estimator__learning_rate': 0.03}",2,70
mRMR,Soft Voting Ensemble,0.7845394736842105,0.8047813546087828,0.7845394736842105,0.777733423918602,1.0,"{'weights': (1, 1)}",2,70
mRMR,Random Forest,0.7932692307692307,0.8145103974382459,0.7932692307692307,0.7878969380749914,1.0,"{'n_estimators': 300, 'min_samples_split': 5, 'min_samples_leaf': 1, 'max_features': 'log2', 'max_depth': 20}",2,90
mRMR,SVM (RBF),0.47596153846153844,0.22653938609467453,0.47596153846153844,0.30697193685793034,0.30057970119132205,"{'pca__n_components': 0.95, 'clf__gamma': 0.0001, 'clf__C': 1}",2,90
mRMR,Logistic Regression,0.4807692307692308,0.4828582454334963,0.4807692307692308,0.48084390723049897,0.7124455564822537,{'clf__C': 10},2,90
mRMR,XGBoost,0.7916666666666666,0.7957396779850151,0.7916666666666666,0.7900268615692153,1.0,"{'subsample': 0.7, 'n_estimators': 500, 'max_depth': 3, 'learning_rate': 0.05, 'colsample_bytree': 0.7}",2,90
mRMR,LightGBM,0.7836538461538461,0.789808176241103,0.7836538461538461,0.7813192303171145,1.0,"{'num_leaves': 63, 'n_estimators': 800, 'max_depth': 10, 'learning_rate': 0.1}",2,90
mRMR,Stacking Ensemble,0.7980769230769231,0.8038748841519926,0.7980769230769231,0.796104536489152,0.998682029263069,"{'final_estimator__n_estimators': 300, 'final_estimator__max_depth': 2, 'final_estimator__learning_rate': 0.03}",2,90
mRMR,Soft Voting Ensemble,0.8028846153846154,0.8157024048011138,0.8028846153846154,0.7995131307961764,1.0,"{'weights': (2, 1)}",2,90
ReliefF,Random Forest,0.7931034482758621,0.7950641616839699,0.7931034482758621,0.7932915298325846,0.9999834249107017,"{'n_estimators': 1000, 'min_samples_split': 5, 'min_samples_leaf': 2, 'max_features': 'sqrt', 'max_depth': None}",2,10
ReliefF,SVM (RBF),0.5402298850574713,0.5486967474643739,0.5402298850574713,0.5375575997396235,0.5941175008080356,"{'pca__n_components': 0.95, 'clf__gamma': 0.001, 'clf__C': 10}",2,10
ReliefF,Logistic Regression,0.5431034482758621,0.5470733250515042,0.5431034482758621,0.5431034482758621,0.5936616858523325,{'clf__C': 100},2,10
ReliefF,XGBoost,0.7959770114942529,0.7965757942053414,0.7959770114942529,0.7961120723895962,1.0,"{'subsample': 0.8, 'n_estimators': 300, 'max_depth': 7, 'learning_rate': 0.03, 'colsample_bytree': 0.7}",2,10
ReliefF,LightGBM,0.7945402298850575,0.7947796776343722,0.7945402298850575,0.794618917999198,1.0,"{'num_leaves': 31, 'n_estimators': 800, 'max_depth': 10, 'learning_rate': 0.03}",2,10
ReliefF,Stacking Ensemble,0.7485632183908046,0.7526100637361208,0.7485632183908046,0.748690398837644,0.9938340667810347,"{'final_estimator__n_estimators': 100, 'final_estimator__max_depth': 3, 'final_estimator__learning_rate': 0.05}",2,10
ReliefF,Soft Voting Ensemble,0.7931034482758621,0.7936455398632781,0.7931034482758621,0.7924207749893332,1.0,"{'weights': (1, 1)}",2,10
ReliefF,Random Forest,0.826647564469914,0.8306052655374895,0.826647564469914,0.8267767558687051,1.0,"{'n_estimators': 1000, 'min_samples_split': 2, 'min_samples_leaf': 1, 'max_features': 'log2', 'max_depth': 20}",2,30
ReliefF,SVM (RBF),0.5544412607449857,0.5518071866098128,0.5544412607449857,0.5512061771136108,0.7656676310822063,"{'pca__n_components': 0.95, 'clf__gamma': 0.01, 'clf__C': 1}",2,30
ReliefF,Logistic Regression,0.5386819484240688,0.5378736672405297,0.5386819484240688,0.5381675608120465,0.6390530593404058,{'clf__C': 0.1},2,30
ReliefF,XGBoost,0.8022922636103151,0.8037393626538761,0.8022922636103151,0.802482442224147,0.9978156400174749,"{'subsample': 1.0, 'n_estimators': 300, 'max_depth': 3, 'learning_rate': 0.03, 'colsample_bytree': 1.0}",2,30
ReliefF,LightGBM,0.8037249283667621,0.8050485338480461,0.8037249283667621,0.8039101182693875,1.0,"{'num_leaves': 127, 'n_estimators': 500, 'max_depth': 5, 'learning_rate': 0.1}",2,30
ReliefF,Stacking Ensemble,0.8108882521489972,0.8150050921736303,0.8108882521489972,0.8110202526956347,0.9922599470807885,"{'final_estimator__n_estimators': 100, 'final_estimator__max_depth': 2, 'final_estimator__learning_rate': 0.1}",2,30
ReliefF,Soft Voting Ensemble,0.8008595988538681,0.8007407938935575,0.8008595988538681,0.8007589612788515,0.9999010855856969,"{'weights': (1, 1)}",2,30
ReliefF,Random Forest,0.8251851851851851,0.8382379757373454,0.8251851851851851,0.824124991674796,1.0,"{'n_estimators': 600, 'min_samples_split': 2, 'min_samples_leaf': 1, 'max_features': 'sqrt', 'max_depth': None}",2,50
ReliefF,SVM (RBF),0.6711111111111111,0.6719831042382589,0.6711111111111111,0.6696192547792102,1.0,"{'pca__n_components': 0.9, 'clf__gamma': 'scale', 'clf__C': 50}",2,50
ReliefF,Logistic Regression,0.5022222222222222,0.5027756707402725,0.5022222222222222,0.5023402349718139,0.6799448135259586,{'clf__C': 10},2,50
ReliefF,XGBoost,0.8118518518518518,0.8193730085311953,0.8118518518518518,0.8112843144942713,1.0,"{'subsample': 0.8, 'n_estimators': 300, 'max_depth': 7, 'learning_rate': 0.03, 'colsample_bytree': 0.7}",2,50
ReliefF,LightGBM,0.8162962962962963,0.8201004914790048,0.8162962962962963,0.8161180199380157,1.0,"{'num_leaves': 127, 'n_estimators': 500, 'max_depth': 5, 'learning_rate': 0.05}",2,50
ReliefF,Soft Voting Ensemble,0.8162962962962963,0.8205288314379223,0.8162962962962963,0.8160784658175961,1.0,"{'weights': (2, 1)}",2,50
ReliefF,Random Forest,0.8200589970501475,0.8354721000201412,0.8200589970501475,0.8187927152526912,1.0,"{'n_estimators': 300, 'min_samples_split': 5, 'min_samples_leaf': 1, 'max_features': 'log2', 'max_depth': 20}",2,70
ReliefF,SVM (RBF),0.5206489675516224,0.5188549598315717,0.5206489675516224,0.5178441695314385,0.903883182170644,"{'pca__n_components': 0.85, 'clf__gamma': 0.001, 'clf__C': 50}",2,70
ReliefF,Logistic Regression,0.48672566371681414,0.48683248639494503,0.48672566371681414,0.48677484505565655,0.6843531369525253,{'clf__C': 0.01},2,70
ReliefF,XGBoost,0.8289085545722714,0.8332828340873392,0.8289085545722714,0.8287477165507177,1.0,"{'subsample': 0.7, 'n_estimators': 500, 'max_depth': 5, 'learning_rate': 0.1, 'colsample_bytree': 0.7}",2,70
ReliefF,LightGBM,0.827433628318584,0.8300022498875057,0.827433628318584,0.8274032201473628,1.0,"{'num_leaves': 127, 'n_estimators': 500, 'max_depth': 5, 'learning_rate': 0.05}",2,70
ReliefF,Stacking Ensemble,0.8112094395280236,0.8173745087647504,0.8112094395280236,0.8108477119407022,0.9984927293795797,"{'final_estimator__n_estimators': 300, 'final_estimator__max_depth': 3, 'final_estimator__learning_rate': 0.03}",2,70
ReliefF,Soft Voting Ensemble,0.7964601769911505,0.8019463578087968,0.7964601769911505,0.7961251976586123,1.0,"{'weights': (2, 1)}",2,70
ReliefF,Random Forest,0.8175895765472313,0.8421055750029498,0.8175895765472313,0.8121160515457521,1.0,"{'n_estimators': 600, 'min_samples_split': 2, 'min_samples_leaf': 1, 'max_features': 'log2', 'max_depth': 10}",2,90
ReliefF,SVM (RBF),0.4804560260586319,0.48540451026800707,0.4804560260586319,0.4798481465831318,0.7168962908501956,"{'pca__n_components': 0.95, 'clf__gamma': 0.0001, 'clf__C': 50}",2,90
ReliefF,Logistic Regression,0.4804560260586319,0.4826798353336004,0.4804560260586319,0.48100642112441866,0.7239501752815692,{'clf__C': 10},2,90
ReliefF,XGBoost,0.8208469055374593,0.8324000122812747,0.8208469055374593,0.8177563739127072,1.0,"{'subsample': 0.8, 'n_estimators': 300, 'max_depth': 7, 'learning_rate': 0.03, 'colsample_bytree': 0.7}",2,90
ReliefF,LightGBM,0.8061889250814332,0.8096542511502282,0.8061889250814332,0.8045783414835745,1.0,"{'num_leaves': 63, 'n_estimators': 500, 'max_depth': 5, 'learning_rate': 0.1}",2,90
ReliefF,Stacking Ensemble,0.7817589576547231,0.7877647459830146,0.7817589576547231,0.7789259196917245,0.9991262560069901,"{'final_estimator__n_estimators': 300, 'final_estimator__max_depth': 2, 'final_estimator__learning_rate': 0.03}",2,90
ReliefF,Soft Voting Ensemble,0.8110749185667753,0.8256980945406193,0.8110749185667753,0.8070882398225966,1.0,"{'weights': (1, 1)}",2,90
LASSO,Random Forest,0.7664756446991404,0.7667321912327212,0.7664756446991404,0.7665645679050245,1.0,"{'n_estimators': 300, 'min_samples_split': 5, 'min_samples_leaf': 2, 'max_features': 'sqrt', 'max_depth': 20}",3,10
LASSO,SVM (RBF),0.6547277936962751,0.6545598448502955,0.6547277936962751,0.6546317224568954,0.9600980553724457,"{'pca__n_components': 0.95, 'clf__gamma': 0.1, 'clf__C': 10}",3,10
LASSO,Logistic Regression,0.5085959885386819,0.5088514757224197,0.5085959885386819,0.508714366718155,0.5802158866183256,{'clf__C': 100},3,10
LASSO,XGBoost,0.7707736389684814,0.7707736389684814,0.7707736389684814,0.7707736389684814,1.0,"{'subsample': 0.7, 'n_estimators': 500, 'max_depth': 5, 'learning_rate': 0.1, 'colsample_bytree': 0.7}",3,10
LASSO,LightGBM,0.7535816618911175,0.7535816618911175,0.7535816618911175,0.7535816618911175,1.0,"{'num_leaves': 127, 'n_estimators': 500, 'max_depth': 5, 'learning_rate': 0.1}",3,10
LASSO,Stacking Ensemble,0.6962750716332379,0.7025388856681648,0.6962750716332379,0.6960955180103199,0.9901367831245881,"{'final_estimator__n_estimators': 100, 'final_estimator__max_depth': 3, 'final_estimator__learning_rate': 0.03}",3,10
LASSO,Soft Voting Ensemble,0.7564469914040115,0.7567846245525138,0.7564469914040115,0.7555547005523441,1.0,"{'weights': (2, 1)}",3,10
LASSO,Random Forest,0.8109854604200323,0.8172916007880887,0.8109854604200323,0.8088657652121498,1.0,"{'n_estimators': 300, 'min_samples_split': 5, 'min_samples_leaf': 2, 'max_features': 'log2', 'max_depth': 20}",3,30
LASSO,SVM (RBF),0.6381260096930533,0.6381260096930533,0.6381260096930533,0.6381260096930533,0.9983446483949375,"{'pca__n_components': 0.85, 'clf__gamma': 0.1, 'clf__C': 1}",3,30
LASSO,Logistic Regression,0.5460420032310178,0.5478813121257948,0.5460420032310178,0.5464475377924499,0.6359169390662979,{'clf__C': 100},3,30
LASSO,XGBoost,0.8045234248788369,0.8053517364092919,0.8045234248788369,0.8038127152072235,1.0,"{'subsample': 0.7, 'n_estimators': 500, 'max_depth': 3, 'learning_rate': 0.05, 'colsample_bytree': 0.7}",3,30
LASSO,LightGBM,0.7996768982229402,0.8003514825704351,0.7996768982229402,0.7989920599746612,1.0,"{'num_leaves': 63, 'n_estimators': 300, 'max_depth': 10, 'learning_rate': 0.05}",3,30
LASSO,Stacking Ensemble,0.7964458804523424,0.8019429390549591,0.7964458804523424,0.7942367256819707,0.9999895230911073,"{'final_estimator__n_estimators': 300, 'final_estimator__max_depth': 4, 'final_estimator__learning_rate': 0.1}",3,30
LASSO,Soft Voting Ensemble,0.8093699515347335,0.815318520894891,0.8093699515347335,0.807301060559306,1.0,"{'weights': (2, 1)}",3,30
LASSO,Random Forest,0.8080645161290323,0.8126224051060341,0.8080645161290323,0.806340360843267,1.0,"{'n_estimators': 1000, 'min_samples_split': 2, 'min_samples_leaf': 2, 'max_features': 'sqrt', 'max_depth': None}",3,50
LASSO,SVM (RBF),0.5612903225806452,0.5587517232771085,0.5612903225806452,0.5569087550380271,0.7266590795188773,"{'pca__n_components': 0.85, 'clf__gamma': 0.001, 'clf__C': 10}",3,50
LASSO,Logistic Regression,0.5241935483870968,0.5250167221608357,0.5241935483870968,0.5244949028489716,0.6687165887069829,{'clf__C': 10},3,50
LASSO,XGBoost,0.7983870967741935,0.8017507063866806,0.7983870967741935,0.7968301890006194,1.0,"{'subsample': 0.7, 'n_estimators': 300, 'max_depth': 3, 'learning_rate': 0.05, 'colsample_bytree': 0.8}",3,50
LASSO,LightGBM,0.8112903225806452,0.8127276623833077,0.8112903225806452,0.8104465554815121,1.0,"{'num_leaves': 63, 'n_estimators': 300, 'max_depth': 10, 'learning_rate': 0.05}",3,50
LASSO,Soft Voting Ensemble,0.8,0.8036231884057972,0.8,0.7983941852603111,1.0,"{'weights': (2, 1)}",3,50
LASSO,Random Forest,0.8064,0.8139473860849361,0.8064,0.8041529278956329,1.0,"{'n_estimators': 600, 'min_samples_split': 5, 'min_samples_leaf': 1, 'max_features': 'sqrt', 'max_depth': 20}",3,70
LASSO,SVM (RBF),0.6544,0.7540688534832866,0.6544,0.607058095735092,1.0,"{'pca__n_components': 0.85, 'clf__gamma': 0.1, 'clf__C': 1}",3,70
LASSO,Logistic Regression,0.512,0.5120777456232171,0.512,0.512037564949644,0.6882544961813255,{'clf__C': 100},3,70
LASSO,XGBoost,0.8048,0.8101878518013508,0.8048,0.8030027408655145,1.0,"{'subsample': 0.7, 'n_estimators': 300, 'max_depth': 3, 'learning_rate': 0.05, 'colsample_bytree': 0.8}",3,70
LASSO,LightGBM,0.792,0.79344789273631,0.792,0.7911124336164321,1.0,"{'num_leaves': 63, 'n_estimators': 800, 'max_depth': 10, 'learning_rate': 0.1}",3,70
LASSO,Stacking Ensemble,0.8,0.8100997777874601,0.8,0.7970630179426996,0.9888519339738852,"{'final_estimator__n_estimators': 200, 'final_estimator__max_depth': 2, 'final_estimator__learning_rate': 0.03}",3,70
LASSO,Soft Voting Ensemble,0.7776,0.778995258999122,0.7776,0.7766001266068082,0.9993635542416031,"{'weights': (1, 2)}",3,70
LASSO,Random Forest,0.7957860615883307,0.8074591483100413,0.7957860615883307,0.7919577131605886,1.0,"{'n_estimators': 300, 'min_samples_split': 2, 'min_samples_leaf': 2, 'max_features': 'log2', 'max_depth': None}",3,90
LASSO,SVM (RBF),0.5494327390599676,0.5469410092066475,0.5494327390599676,0.5467076112358988,0.9593320111401807,"{'pca__n_components': 0.95, 'clf__gamma': 0.001, 'clf__C': 50}",3,90
LASSO,Logistic Regression,0.49270664505672607,0.4926021669055911,0.49270664505672607,0.4926531174307657,0.7230146003882184,{'clf__C': 10},3,90
LASSO,XGBoost,0.8055105348460292,0.8138449695443595,0.8055105348460292,0.8027266118547813,0.9999578023461896,"{'subsample': 0.8, 'n_estimators': 300, 'max_depth': 3, 'learning_rate': 0.03, 'colsample_bytree': 0.8}",3,90
LASSO,LightGBM,0.7828200972447326,0.7834768744909107,0.7828200972447326,0.7819484259425294,1.0,"{'num_leaves': 63, 'n_estimators': 500, 'max_depth': 5, 'learning_rate': 0.1}",3,90
LASSO,Soft Voting Ensemble,0.7925445705024311,0.8002662984629582,0.7925445705024311,0.7895750526451,1.0,"{'weights': (1, 1)}",3,90
RF_importance,Random Forest,0.7739938080495357,0.7791820499660602,0.7739938080495357,0.7725881584516208,1.0,"{'n_estimators': 300, 'min_samples_split': 5, 'min_samples_leaf': 2, 'max_features': 'sqrt', 'max_depth': 20}",3,10
RF_importance,SVM (RBF),0.6052631578947368,0.6056511276152199,0.6052631578947368,0.6040560638667656,0.815462494247584,"{'pca__n_components': 0.95, 'clf__gamma': 0.1, 'clf__C': 1}",3,10
RF_importance,Logistic Regression,0.46904024767801855,0.4689611891823036,0.46904024767801855,0.46899060707089324,0.5736884491486425,{'clf__C': 1},3,10
RF_importance,XGBoost,0.7894736842105263,0.7913864475213606,0.7894736842105263,0.7889350569405971,1.0,"{'subsample': 0.7, 'n_estimators': 300, 'max_depth': 7, 'learning_rate': 0.03, 'colsample_bytree': 0.7}",3,10
RF_importance,LightGBM,0.7863777089783281,0.7867737584415114,0.7863777089783281,0.786205474276156,1.0,"{'num_leaves': 127, 'n_estimators': 500, 'max_depth': -1, 'learning_rate': 0.03}",3,10
RF_importance,Soft Voting Ensemble,0.7554179566563467,0.7563515306549362,0.7554179566563467,0.7550043389108365,0.9999904126399755,"{'weights': (1, 1)}",3,10
RF_importance,Random Forest,0.8306801736613604,0.8467935619235627,0.8306801736613604,0.8297713221097123,1.0,"{'n_estimators': 600, 'min_samples_split': 2, 'min_samples_leaf': 1, 'max_features': 'sqrt', 'max_depth': 20}",3,30
RF_importance,SVM (RBF),0.7018813314037626,0.7017364784794766,0.7018813314037626,0.7010930235493377,0.9984882080225761,"{'pca__n_components': 0.9, 'clf__gamma': 'scale', 'clf__C': 10}",3,30
RF_importance,Logistic Regression,0.49782923299565845,0.4981973581566107,0.49782923299565845,0.4979872871670389,0.6288886649197071,{'clf__C': 10},3,30
RF_importance,XGBoost,0.8176555716353111,0.8240211158134112,0.8176555716353111,0.817504318192428,1.0,"{'subsample': 0.7, 'n_estimators': 800, 'max_depth': 5, 'learning_rate': 0.03, 'colsample_bytree': 0.7}",3,30
RF_importance,LightGBM,0.8104196816208393,0.8141763312233665,0.8104196816208393,0.8104458866548263,1.0,"{'num_leaves': 31, 'n_estimators': 300, 'max_depth': -1, 'learning_rate': 0.1}",3,30
RF_importance,Stacking Ensemble,0.8277858176555717,0.8339824749084299,0.8277858176555717,0.8276617297434813,0.9988997513942083,"{'final_estimator__n_estimators': 200, 'final_estimator__max_depth': 3, 'final_estimator__learning_rate': 0.05}",3,30
RF_importance,Soft Voting Ensemble,0.8191027496382055,0.8214376119809077,0.8191027496382055,0.8191974838496435,1.0,"{'weights': (2, 1)}",3,30
RF_importance,Random Forest,0.8003273322422259,0.8228248718723321,0.8003273322422259,0.7940113161961816,1.0,"{'n_estimators': 600, 'min_samples_split': 5, 'min_samples_leaf': 1, 'max_features': 'log2', 'max_depth': 10}",3,50
RF_importance,SVM (RBF),0.5351882160392799,0.5338811607043576,0.5351882160392799,0.5343291095404658,0.7198246143238818,"{'pca__n_components': 0.95, 'clf__gamma': 0.001, 'clf__C': 10}",3,50
RF_importance,Logistic Regression,0.49263502454991814,0.49623563008333293,0.49263502454991814,0.4932469695693033,0.6590644660863569,{'clf__C': 0.1},3,50
RF_importance,XGBoost,0.7937806873977087,0.7974069280858368,0.7937806873977087,0.7917204789279019,1.0,"{'subsample': 1.0, 'n_estimators': 800, 'max_depth': 7, 'learning_rate': 0.1, 'colsample_bytree': 0.8}",3,50
RF_importance,LightGBM,0.7806873977086743,0.7824258486505453,0.7806873977086743,0.7790826422064555,1.0,"{'num_leaves': 63, 'n_estimators': 500, 'max_depth': 5, 'learning_rate': 0.1}",3,50
RF_importance,Stacking Ensemble,0.8019639934533551,0.8071347887597438,0.8019639934533551,0.7996170254842394,0.9999461346203566,"{'final_estimator__n_estimators': 300, 'final_estimator__max_depth': 2, 'final_estimator__learning_rate': 0.03}",3,50
RF_importance,Soft Voting Ensemble,0.7806873977086743,0.7876154194635309,0.7806873977086743,0.7772713587172672,1.0,"{'weights': (1, 1)}",3,50
RF_importance,Random Forest,0.8178861788617886,0.8339224806201551,0.8178861788617886,0.8138318520788641,1.0,"{'n_estimators': 300, 'min_samples_split': 5, 'min_samples_leaf': 2, 'max_features': 'log2', 'max_depth': 20}",3,70
RF_importance,SVM (RBF),0.5382113821138211,0.5420899824104096,0.5382113821138211,0.5385020025949117,0.6962957848219598,"{'pca__n_components': 0.85, 'clf__gamma': 0.0001, 'clf__C': 50}",3,70
RF_importance,Logistic Regression,0.4894308943089431,0.49181208621528444,0.4894308943089431,0.4899956951001772,0.703227245687091,{'clf__C': 10},3,70
RF_importance,XGBoost,0.808130081300813,0.8133564100857241,0.808130081300813,0.8060584477251145,1.0,"{'subsample': 0.7, 'n_estimators': 500, 'max_depth': 3, 'learning_rate': 0.05, 'colsample_bytree': 0.7}",3,70
RF_importance,LightGBM,0.8211382113821138,0.8246976978954068,0.8211382113821138,0.8196947538962249,1.0,"{'num_leaves': 63, 'n_estimators': 500, 'max_depth': 5, 'learning_rate': 0.1}",3,70
RF_importance,Stacking Ensemble,0.7934959349593496,0.7984888888888889,0.7934959349593496,0.7911905513823021,0.9998087872864792,"{'final_estimator__n_estimators': 200, 'final_estimator__max_depth': 2, 'final_estimator__learning_rate': 0.03}",3,70
RF_importance,Soft Voting Ensemble,0.8146341463414634,0.8195229877428204,0.8146341463414634,0.8127654986522912,0.9999893770714711,"{'weights': (1, 1)}",3,70
RF_importance,Random Forest,0.821656050955414,0.840089212515428,0.821656050955414,0.8179810035759443,1.0,"{'n_estimators': 300, 'min_samples_split': 2, 'min_samples_leaf': 1, 'max_features': 'log2', 'max_depth': 10}",3,90
RF_importance,SVM (RBF),0.6863057324840764,0.6868598127108999,0.6863057324840764,0.6864418710337175,1.0,"{'pca__n_components': 0.9, 'clf__gamma': 0.01, 'clf__C': 50}",3,90
RF_importance,Logistic Regression,0.5063694267515924,0.5077976362809167,0.5063694267515924,0.5065697231903218,0.7359959349593495,{'clf__C': 10},3,90
RF_importance,XGBoost,0.8152866242038217,0.8222592929599298,0.8152866242038217,0.8134314035867599,1.0,"{'subsample': 0.7, 'n_estimators': 300, 'max_depth': 7, 'learning_rate': 0.05, 'colsample_bytree': 1.0}",3,90
RF_importance,LightGBM,0.802547770700637,0.8103474920433001,0.802547770700637,0.8002923962195514,1.0,"{'num_leaves': 127, 'n_estimators': 300, 'max_depth': 10, 'learning_rate': 0.05}",3,90
RF_importance,Stacking Ensemble,0.8121019108280255,0.8224727493597742,0.8121019108280255,0.8095359530615553,0.9960873983739839,"{'final_estimator__n_estimators': 300, 'final_estimator__max_depth': 2, 'final_estimator__learning_rate': 0.03}",3,90
RF_importance,Soft Voting Ensemble,0.8280254777070064,0.8375654780550624,0.8280254777070064,0.8259368908946247,1.0,"{'weights': (2, 1)}",3,90
Boruta,Random Forest,0.7769679300291545,0.7774146810837014,0.7769679300291545,0.7770575878254653,1.0,"{'n_estimators': 600, 'min_samples_split': 2, 'min_samples_leaf': 1, 'max_features': 'sqrt', 'max_depth': 20}",3,10
Boruta,SVM (RBF),0.6763848396501457,0.6761496518982301,0.6763848396501457,0.6761751442662481,0.9543960348821364,"{'pca__n_components': 0.9, 'clf__gamma': 'scale', 'clf__C': 10}",3,10
Boruta,Logistic Regression,0.5422740524781341,0.5430261617446318,0.5422740524781341,0.5424842899676396,0.6069202207385201,{'clf__C': 10},3,10
Boruta,XGBoost,0.7638483965014577,0.7645326999503351,0.7638483965014577,0.763956862976935,0.9998978062406322,"{'subsample': 0.7, 'n_estimators': 500, 'max_depth': 3, 'learning_rate': 0.05, 'colsample_bytree': 0.7}",3,10
Boruta,LightGBM,0.7711370262390671,0.7720932604612024,0.7711370262390671,0.7712465018850916,1.0,"{'num_leaves': 31, 'n_estimators': 300, 'max_depth': -1, 'learning_rate': 0.1}",3,10
Boruta,Stacking Ensemble,0.7740524781341108,0.7897977819211102,0.7740524781341108,0.7724250345102046,0.9913901757732659,"{'final_estimator__n_estimators': 300, 'final_estimator__max_depth': 2, 'final_estimator__learning_rate': 0.03}",3,10
Boruta,Soft Voting Ensemble,0.7725947521865889,0.7725156068449186,0.7725947521865889,0.772528871320658,1.0,"{'weights': (2, 1)}",3,10
Boruta,Random Forest,0.8174474959612278,0.8283473688981224,0.8174474959612278,0.814526124204993,1.0,"{'n_estimators': 300, 'min_samples_split': 5, 'min_samples_leaf': 1, 'max_features': 'sqrt', 'max_depth': 10}",3,30
Boruta,SVM (RBF),0.6332794830371568,0.6323984820378051,0.6332794830371568,0.6312372867663623,0.942408431816277,"{'pca__n_components': 0.85, 'clf__gamma': 'scale', 'clf__C': 1}",3,30
Boruta,Logistic Regression,0.5218093699515347,0.5245763636026017,0.5218093699515347,0.5221239362008095,0.6501760120693991,{'clf__C': 0.1},3,30
Boruta,XGBoost,0.8045234248788369,0.8094704124612959,0.8045234248788369,0.8026072780542762,1.0,"{'subsample': 0.7, 'n_estimators': 800, 'max_depth': 7, 'learning_rate': 0.03, 'colsample_bytree': 0.7}",3,30
Boruta,LightGBM,0.802907915993538,0.808630729974925,0.802907915993538,0.8007688931206384,1.0,"{'num_leaves': 63, 'n_estimators': 500, 'max_depth': 5, 'learning_rate': 0.1}",3,30
Boruta,Stacking Ensemble,0.7722132471728594,0.7890330476803652,0.7722132471728594,0.7663168018450028,0.9878991702288158,"{'final_estimator__n_estimators': 100, 'final_estimator__max_depth': 3, 'final_estimator__learning_rate': 0.05}",3,30
Boruta,Soft Voting Ensemble,0.8174474959612278,0.8233765901286227,0.8174474959612278,0.8155312297963402,1.0,"{'weights': (2, 1)}",3,30
Boruta,Random Forest,0.8170144462279294,0.8252846771243876,0.8170144462279294,0.8147554959136001,1.0,"{'n_estimators': 300, 'min_samples_split': 5, 'min_samples_leaf': 1, 'max_features': 'log2', 'max_depth': 20}",3,50
Boruta,SVM (RBF),0.5553772070626003,0.55783742701475,0.5553772070626003,0.5555628040521258,0.6764778834229019,"{'pca__n_components': 0.95, 'clf__gamma': 0.0001, 'clf__C': 50}",3,50
Boruta,Logistic Regression,0.5473515248796148,0.5483456598078351,0.5473515248796148,0.5476457496576072,0.6757854485324515,{'clf__C': 0.01},3,50
Boruta,XGBoost,0.812199036918138,0.8164428884591672,0.812199036918138,0.8107099903877557,1.0,"{'subsample': 0.7, 'n_estimators': 800, 'max_depth': 3, 'learning_rate': 0.05, 'colsample_bytree': 0.7}",3,50
Boruta,LightGBM,0.8250401284109149,0.8296069732856427,0.8250401284109149,0.8236528970279092,1.0,"{'num_leaves': 63, 'n_estimators': 500, 'max_depth': 5, 'learning_rate': 0.1}",3,50
Boruta,Stacking Ensemble,0.78330658105939,0.7955902703993498,0.78330658105939,0.7792690185932997,0.9857585779247623,"{'final_estimator__n_estimators': 200, 'final_estimator__max_depth': 2, 'final_estimator__learning_rate': 0.03}",3,50
Boruta,Soft Voting Ensemble,0.8138041733547352,0.8226522920766256,0.8138041733547352,0.811363404091595,1.0,"{'weights': (2, 1)}",3,50
Boruta,Random Forest,0.8078125,0.8171065699006876,0.8078125,0.8058343907923149,1.0,"{'n_estimators': 300, 'min_samples_split': 2, 'min_samples_leaf': 2, 'max_features': 'log2', 'max_depth': None}",3,70
Boruta,SVM (RBF),0.609375,0.6114844133529701,0.609375,0.6049640437418281,0.9392295966228893,"{'pca__n_components': 0.95, 'clf__gamma': 0.01, 'clf__C': 1}",3,70
Boruta,Logistic Regression,0.5328125,0.5323903480810914,0.5328125,0.5323816111694176,0.7263914946841776,{'clf__C': 10},3,70
Boruta,XGBoost,0.8203125,0.8286584531663271,0.8203125,0.8186893431709888,1.0,"{'subsample': 0.8, 'n_estimators': 300, 'max_depth': 7, 'learning_rate': 0.03, 'colsample_bytree': 0.7}",3,70
Boruta,LightGBM,0.809375,0.8128195174390825,0.809375,0.8084979945735519,1.0,"{'num_leaves': 127, 'n_estimators': 800, 'max_depth': -1, 'learning_rate': 0.1}",3,70
Boruta,Stacking Ensemble,0.825,0.8331578947368421,0.825,0.8234720082177709,1.0,"{'final_estimator__n_estimators': 300, 'final_estimator__max_depth': 4, 'final_estimator__learning_rate': 0.1}",3,70
Boruta,Soft Voting Ensemble,0.828125,0.8302886137047001,0.828125,0.8276055771419599,1.0,"{'weights': (1, 1)}",3,70
Boruta,Random Forest,0.8307453416149069,0.8442423941331066,0.8307453416149069,0.8286731668106169,1.0,"{'n_estimators': 300, 'min_samples_split': 2, 'min_samples_leaf': 2, 'max_features': 'log2', 'max_depth': 20}",3,90
Boruta,SVM (RBF),0.6149068322981367,0.6176757499839918,0.6149068322981367,0.6108448267787592,0.8298857672121025,"{'pca__n_components': 0.9, 'clf__gamma': 0.001, 'clf__C': 10}",3,90
Boruta,Logistic Regression,0.5512422360248447,0.5511246102606372,0.5512422360248447,0.551150199142112,0.7473467891324483,{'clf__C': 0.01},3,90
Boruta,XGBoost,0.8090062111801242,0.8131898633960727,0.8090062111801242,0.8080844582448902,1.0,"{'subsample': 1.0, 'n_estimators': 300, 'max_depth': 5, 'learning_rate': 0.1, 'colsample_bytree': 1.0}",3,90
Boruta,LightGBM,0.812111801242236,0.8178624871523389,0.812111801242236,0.8109406020796535,1.0,"{'num_leaves': 127, 'n_estimators': 800, 'max_depth': -1, 'learning_rate': 0.1}",3,90
Boruta,Stacking Ensemble,0.796583850931677,0.8118891993745921,0.796583850931677,0.7934865180867503,0.996710018524236,"{'final_estimator__n_estimators': 200, 'final_estimator__max_depth': 2, 'final_estimator__learning_rate': 0.03}",3,90
Boruta,Soft Voting Ensemble,0.8354037267080745,0.8408305753275604,0.8354037267080745,0.8344972521613646,1.0,"{'weights': (1, 1)}",3,90
RFE_SVM,Random Forest,0.8017883755588674,0.8037997285111632,0.8017883755588674,0.8016782924824308,0.9998577828343881,"{'n_estimators': 600, 'min_samples_split': 5, 'min_samples_leaf': 2, 'max_features': 'log2', 'max_depth': 10}",3,10
RFE_SVM,SVM (RBF),0.6661698956780924,0.6714106004945068,0.6661698956780924,0.6647389997418003,0.8103534096565456,"{'pca__n_components': 0.9, 'clf__gamma': 0.1, 'clf__C': 1}",3,10
RFE_SVM,Logistic Regression,0.5812220566318927,0.5839733046352603,0.5812220566318927,0.5799638802724086,0.639497262319562,{'clf__C': 100},3,10
RFE_SVM,XGBoost,0.789865871833085,0.7900900675460255,0.789865871833085,0.7898920115762913,1.0,"{'subsample': 0.7, 'n_estimators': 800, 'max_depth': 3, 'learning_rate': 0.05, 'colsample_bytree': 0.7}",3,10
RFE_SVM,LightGBM,0.7928464977645305,0.7929113331322236,0.7928464977645305,0.7928630664732323,1.0,"{'num_leaves': 63, 'n_estimators': 800, 'max_depth': -1, 'learning_rate': 0.05}",3,10
RFE_SVM,Stacking Ensemble,0.7287630402384501,0.7287277113151672,0.7287630402384501,0.7286870601207758,0.9718143354902936,"{'final_estimator__n_estimators': 300, 'final_estimator__max_depth': 3, 'final_estimator__learning_rate': 0.03}",3,10
RFE_SVM,Soft Voting Ensemble,0.7839046199701938,0.7839705279818375,0.7839046199701938,0.7839219038749545,1.0,"{'weights': (2, 1)}",3,10
RFE_SVM,Random Forest,0.8262987012987013,0.8324676043182268,0.8262987012987013,0.824388807674053,1.0,"{'n_estimators': 1000, 'min_samples_split': 5, 'min_samples_leaf': 2, 'max_features': 'log2', 'max_depth': None}",3,30
RFE_SVM,SVM (RBF),0.6136363636363636,0.612345041322314,0.6136363636363636,0.6120553359683794,0.9780233739837397,"{'pca__n_components': 0.9, 'clf__gamma': 0.01, 'clf__C': 50}",3,30
RFE_SVM,Logistic Regression,0.6152597402597403,0.6151794680225253,0.6152597402597403,0.6152179843186395,0.7056233062330624,{'clf__C': 100},3,30
RFE_SVM,XGBoost,0.8198051948051948,0.8240823503981398,0.8198051948051948,0.8182003812570058,1.0,"{'subsample': 0.7, 'n_estimators': 300, 'max_depth': 3, 'learning_rate': 0.05, 'colsample_bytree': 0.8}",3,30
RFE_SVM,LightGBM,0.8181818181818182,0.8204545454545455,0.8181818181818182,0.8170625544086557,1.0,"{'num_leaves': 63, 'n_estimators': 500, 'max_depth': 5, 'learning_rate': 0.1}",3,30
RFE_SVM,Stacking Ensemble,0.7792207792207793,0.789794442078706,0.7792207792207793,0.7750260819512896,0.9992272188346882,"{'final_estimator__n_estimators': 200, 'final_estimator__max_depth': 2, 'final_estimator__learning_rate': 0.03}",3,30
RFE_SVM,Soft Voting Ensemble,0.823051948051948,0.8279493321464826,0.823051948051948,0.8213568768368308,1.0,"{'weights': (2, 1)}",3,30
RFE_SVM,Random Forest,0.8315301391035549,0.8410362548980835,0.8315301391035549,0.830099511088618,1.0,"{'n_estimators': 1000, 'min_samples_split': 2, 'min_samples_leaf': 1, 'max_features': 'log2', 'max_depth': 20}",3,50
RFE_SVM,SVM (RBF),0.6692426584234931,0.6733870695274515,0.6692426584234931,0.6678934373628008,1.0,"{'pca__n_components': 0.9, 'clf__gamma': 'scale', 'clf__C': 10}",3,50
RFE_SVM,Logistic Regression,0.5965996908809892,0.5966600377648023,0.5965996908809892,0.5966170384059468,0.7507741417539568,{'clf__C': 1},3,50
RFE_SVM,XGBoost,0.8160741885625966,0.818081434340838,0.8160741885625966,0.8156457909600365,1.0,"{'subsample': 0.7, 'n_estimators': 800, 'max_depth': 7, 'learning_rate': 0.05, 'colsample_bytree': 0.8}",3,50
RFE_SVM,LightGBM,0.8068006182380216,0.808438816152405,0.8068006182380216,0.8064072338941609,1.0,"{'num_leaves': 127, 'n_estimators': 800, 'max_depth': -1, 'learning_rate': 0.1}",3,50
RFE_SVM,Stacking Ensemble,0.7820710973724884,0.7854702052129183,0.7820710973724884,0.7811805302026392,0.9939597828580167,"{'final_estimator__n_estimators': 300, 'final_estimator__max_depth': 2, 'final_estimator__learning_rate': 0.03}",3,50
RFE_SVM,Soft Voting Ensemble,0.8129829984544049,0.8143902879219725,0.8129829984544049,0.8126533781061225,1.0,"{'weights': (2, 1)}",3,50
RFE_SVM,Random Forest,0.8140625,0.8228831618087797,0.8140625,0.812267740922832,1.0,"{'n_estimators': 1000, 'min_samples_split': 5, 'min_samples_leaf': 1, 'max_features': 'sqrt', 'max_depth': 10}",3,70
RFE_SVM,SVM (RBF),0.6796875,0.6809890101828213,0.6796875,0.679605383629372,1.0,"{'pca__n_components': 0.95, 'clf__gamma': 0.01, 'clf__C': 50}",3,70
RFE_SVM,Logistic Regression,0.5953125,0.5966885301289773,0.5953125,0.5950901545471639,0.7971192933083178,{'clf__C': 10},3,70
RFE_SVM,XGBoost,0.8171875,0.821433437135072,0.8171875,0.8162230215827337,1.0,"{'subsample': 1.0, 'n_estimators': 800, 'max_depth': 3, 'learning_rate': 0.03, 'colsample_bytree': 1.0}",3,70
RFE_SVM,LightGBM,0.8265625,0.8309799532892177,0.8265625,0.8256474820143884,1.0,"{'num_leaves': 127, 'n_estimators': 800, 'max_depth': -1, 'learning_rate': 0.1}",3,70
RFE_SVM,Stacking Ensemble,0.8015625,0.811327251279223,0.8015625,0.7993888854508322,0.9998827392120073,"{'final_estimator__n_estimators': 100, 'final_estimator__max_depth': 3, 'final_estimator__learning_rate': 0.05}",3,70
RFE_SVM,Soft Voting Ensemble,0.8015625,0.8027751900156744,0.8015625,0.8011263137774793,0.9999902282676671,"{'weights': (1, 1)}",3,70
RFE_SVM,Random Forest,0.801829268292683,0.8108915441176471,0.801829268292683,0.8003745318352059,1.0,"{'n_estimators': 300, 'min_samples_split': 5, 'min_samples_leaf': 2, 'max_features': 'log2', 'max_depth': 20}",3,90
RFE_SVM,SVM (RBF),0.5533536585365854,0.5533938587760342,0.5533536585365854,0.553269572695262,0.7537133774538964,"{'pca__n_components': 0.9, 'clf__gamma': 0.0001, 'clf__C': 50}",3,90
RFE_SVM,Logistic Regression,0.6173780487804879,0.6177732389505982,0.6173780487804879,0.6170568056282342,0.8341946757882214,{'clf__C': 10},3,90
RFE_SVM,XGBoost,0.836890243902439,0.8427814820069041,0.836890243902439,0.8361863953865577,1.0,"{'subsample': 0.7, 'n_estimators': 800, 'max_depth': 3, 'learning_rate': 0.05, 'colsample_bytree': 0.7}",3,90
RFE_SVM,LightGBM,0.8125,0.8160992487706727,0.8125,0.8119647363968763,1.0,"{'num_leaves': 127, 'n_estimators': 300, 'max_depth': 10, 'learning_rate': 0.05}",3,90
RFE_SVM,Stacking Ensemble,0.7896341463414634,0.7977032139717966,0.7896341463414634,0.7881989612091151,0.9586648572278406,"{'final_estimator__n_estimators': 200, 'final_estimator__max_depth': 2, 'final_estimator__learning_rate': 0.03}",3,90
RFE_SVM,Soft Voting Ensemble,0.8003048780487805,0.8037636683308418,0.8003048780487805,0.7997348005527708,1.0,"{'weights': (2, 1)}",3,90
mRMR,Random Forest,0.7949852507374632,0.80336420359183,0.7949852507374632,0.794250953061004,1.0,"{'n_estimators': 600, 'min_samples_split': 5, 'min_samples_leaf': 1, 'max_features': 'sqrt', 'max_depth': 10}",3,10
mRMR,SVM (RBF),0.672566371681416,0.6728085298840475,0.672566371681416,0.6726347907336256,0.9296951219512194,"{'pca__n_components': 0.9, 'clf__gamma': 'scale', 'clf__C': 50}",3,10
mRMR,Logistic Regression,0.46607669616519176,0.4638107597068865,0.46607669616519176,0.46363360390886493,0.555095818815331,{'clf__C': 1},3,10
mRMR,XGBoost,0.7905604719764012,0.7934464659448592,0.7905604719764012,0.7904511088357074,1.0,"{'subsample': 0.8, 'n_estimators': 300, 'max_depth': 7, 'learning_rate': 0.03, 'colsample_bytree': 0.7}",3,10
mRMR,LightGBM,0.8126843657817109,0.814538403480516,0.8126843657817109,0.812674993541304,1.0,"{'num_leaves': 127, 'n_estimators': 800, 'max_depth': 10, 'learning_rate': 0.03}",3,10
mRMR,Stacking Ensemble,0.7610619469026548,0.7641317724470169,0.7610619469026548,0.7608955786718392,0.9837979094076656,"{'final_estimator__n_estimators': 300, 'final_estimator__max_depth': 2, 'final_estimator__learning_rate': 0.03}",3,10
mRMR,Soft Voting Ensemble,0.775811209439528,0.7765820956028222,0.775811209439528,0.7758658396656773,0.9999825783972126,"{'weights': (1, 1)}",3,10
mRMR,Random Forest,0.8132045088566827,0.8310061153714382,0.8132045088566827,0.8089834471313934,1.0,"{'n_estimators': 600, 'min_samples_split': 5, 'min_samples_leaf': 1, 'max_features': 'log2', 'max_depth': 10}",3,30
mRMR,SVM (RBF),0.6586151368760065,0.6584043293147305,0.6586151368760065,0.6565124040234311,0.9957337883959044,"{'pca__n_components': 0.9, 'clf__gamma': 0.1, 'clf__C': 1}",3,30
mRMR,Logistic Regression,0.4573268921095008,0.4588735441312523,0.4573268921095008,0.4577578566685897,0.6134916340630983,{'clf__C': 100},3,30
mRMR,XGBoost,0.7809983896940419,0.7877064751133139,0.7809983896940419,0.778211876564924,0.9958378423374675,"{'subsample': 1.0, 'n_estimators': 300, 'max_depth': 3, 'learning_rate': 0.03, 'colsample_bytree': 1.0}",3,30
mRMR,LightGBM,0.7648953301127214,0.7673186050640525,0.7648953301127214,0.7631804740096605,1.0,"{'num_leaves': 63, 'n_estimators': 300, 'max_depth': 5, 'learning_rate': 0.1}",3,30
mRMR,Stacking Ensemble,0.7793880837359098,0.7876122949148452,0.7793880837359098,0.7761410098180991,0.9763901606592856,"{'final_estimator__n_estimators': 200, 'final_estimator__max_depth': 2, 'final_estimator__learning_rate': 0.03}",3,30
mRMR,Soft Voting Ensemble,0.7971014492753623,0.8038575601912955,0.7971014492753623,0.7946735703436291,1.0,"{'weights': (1, 1)}",3,30
mRMR,Random Forest,0.8154574132492114,0.8290168692276063,0.8154574132492114,0.8126646982751737,1.0,"{'n_estimators': 600, 'min_samples_split': 5, 'min_samples_leaf': 1, 'max_features': 'log2', 'max_depth': None}",3,50
mRMR,SVM (RBF),0.6750788643533123,0.7384988563009631,0.6750788643533123,0.6467303265410521,1.0,"{'pca__n_components': 0.95, 'clf__gamma': 0.1, 'clf__C': 1}",3,50
mRMR,Logistic Regression,0.4668769716088328,0.46808974687938665,0.4668769716088328,0.46681330752614936,0.6453849832615972,{'clf__C': 0.1},3,50
mRMR,XGBoost,0.7981072555205048,0.8008402757202362,0.7981072555205048,0.7971434026909351,1.0,"{'subsample': 0.7, 'n_estimators': 500, 'max_depth': 3, 'learning_rate': 0.05, 'colsample_bytree': 0.7}",3,50
mRMR,LightGBM,0.7965299684542587,0.7973721555431971,0.7965299684542587,0.7960707576969217,1.0,"{'num_leaves': 63, 'n_estimators': 800, 'max_depth': 10, 'learning_rate': 0.1}",3,50
mRMR,Soft Voting Ensemble,0.7886435331230284,0.7924114393788614,0.7886435331230284,0.787326908560456,1.0,"{'weights': (1, 1)}",3,50
mRMR,Random Forest,0.7984251968503937,0.8151716633980609,0.7984251968503937,0.7946518370863951,1.0,"{'n_estimators': 1000, 'min_samples_split': 5, 'min_samples_leaf': 2, 'max_features': 'log2', 'max_depth': None}",3,70
mRMR,SVM (RBF),0.6708661417322834,0.6714483467972551,0.6708661417322834,0.6709559519013613,1.0,"{'pca__n_components': 0.85, 'clf__gamma': 'scale', 'clf__C': 50}",3,70
mRMR,Logistic Regression,0.46771653543307085,0.4682389390332815,0.46771653543307085,0.4678617862395683,0.6766405815523953,{'clf__C': 1},3,70
mRMR,XGBoost,0.8015748031496063,0.8066054296874119,0.8015748031496063,0.8001525072523828,1.0,"{'subsample': 1.0, 'n_estimators': 800, 'max_depth': 7, 'learning_rate': 0.1, 'colsample_bytree': 0.8}",3,70
mRMR,LightGBM,0.7952755905511811,0.7992087518127162,0.7952755905511811,0.7940252211955423,1.0,"{'num_leaves': 63, 'n_estimators': 800, 'max_depth': 10, 'learning_rate': 0.1}",3,70
mRMR,Soft Voting Ensemble,0.8047244094488188,0.8164499278859983,0.8047244094488188,0.802041835679631,1.0,"{'weights': (1, 1)}",3,70
mRMR,Random Forest,0.8155802861685215,0.8295607121661149,0.8155802861685215,0.8124988013066654,1.0,"{'n_estimators': 600, 'min_samples_split': 5, 'min_samples_leaf': 1, 'max_features': 'log2', 'max_depth': None}",3,90
mRMR,SVM (RBF),0.6836248012718601,0.683669910229311,0.6836248012718601,0.6836456278138751,1.0,"{'pca__n_components': 0.9, 'clf__gamma': 'scale', 'clf__C': 50}",3,90
mRMR,Logistic Regression,0.5103338632750397,0.5112900086298362,0.5103338632750397,0.5105592123184207,0.7117231180617455,{'clf__C': 0.01},3,90
mRMR,XGBoost,0.8028616852146264,0.8067985085358751,0.8028616852146264,0.8015109809267159,1.0,"{'subsample': 0.7, 'n_estimators': 300, 'max_depth': 3, 'learning_rate': 0.05, 'colsample_bytree': 0.8}",3,90
mRMR,LightGBM,0.7980922098569158,0.8036604534131166,0.7980922098569158,0.7962923680102159,1.0,"{'num_leaves': 127, 'n_estimators': 500, 'max_depth': -1, 'learning_rate': 0.03}",3,90
mRMR,Stacking Ensemble,0.7694753577106518,0.7769070878039055,0.7694753577106518,0.7666349187145984,0.9959788509845232,"{'final_estimator__n_estimators': 100, 'final_estimator__max_depth': 2, 'final_estimator__learning_rate': 0.1}",3,90
mRMR,Soft Voting Ensemble,0.7917329093799682,0.8030519369612776,0.7917329093799682,0.7885161966054289,1.0,"{'weights': (1, 1)}",3,90
ReliefF,Random Forest,0.771513353115727,0.7752878212053095,0.771513353115727,0.7711871967221414,0.9994624982376993,"{'n_estimators': 600, 'min_samples_split': 5, 'min_samples_leaf': 2, 'max_features': 'log2', 'max_depth': 10}",3,10
ReliefF,SVM (RBF),0.7077151335311572,0.7107845955129751,0.7077151335311572,0.7073320619992655,0.9303935217820386,"{'pca__n_components': 0.9, 'clf__gamma': 'scale', 'clf__C': 10}",3,10
ReliefF,Logistic Regression,0.5326409495548962,0.5338539258583416,0.5326409495548963,0.532390906623428,0.5997726631890596,{'clf__C': 1},3,10
ReliefF,XGBoost,0.7655786350148368,0.7685816947757261,0.7655786350148368,0.765347352484196,0.973768151698858,"{'subsample': 1.0, 'n_estimators': 300, 'max_depth': 3, 'learning_rate': 0.03, 'colsample_bytree': 1.0}",3,10
ReliefF,LightGBM,0.7655786350148368,0.7666714707232148,0.7655786350148368,0.7655786350148368,1.0,"{'num_leaves': 127, 'n_estimators': 500, 'max_depth': 5, 'learning_rate': 0.05}",3,10
ReliefF,Soft Voting Ensemble,0.7774480712166172,0.7783560538097838,0.7774480712166172,0.7774637483037392,0.9993743831946988,"{'weights': (1, 1)}",3,10
ReliefF,Random Forest,0.7931596091205212,0.8041697321442937,0.7931596091205212,0.7892242056879482,1.0,"{'n_estimators': 1000, 'min_samples_split': 5, 'min_samples_leaf': 2, 'max_features': 'sqrt', 'max_depth': None}",3,30
ReliefF,SVM (RBF),0.5374592833876222,0.5380934689625297,0.5374592833876222,0.5377252104432204,0.7241280061402013,"{'pca__n_components': 0.95, 'clf__gamma': 0.001, 'clf__C': 50}",3,30
ReliefF,Logistic Regression,0.49348534201954397,0.4938244614396233,0.49348534201954397,0.49364317467147484,0.6290614872931946,{'clf__C': 10},3,30
ReliefF,XGBoost,0.7882736156351792,0.7909982481736737,0.7882736156351792,0.7865368235260656,1.0,"{'subsample': 0.8, 'n_estimators': 300, 'max_depth': 7, 'learning_rate': 0.03, 'colsample_bytree': 0.7}",3,30
ReliefF,LightGBM,0.7833876221498371,0.7834368479879794,0.7833876221498371,0.7828059528327181,1.0,"{'num_leaves': 127, 'n_estimators': 500, 'max_depth': -1, 'learning_rate': 0.03}",3,30
ReliefF,Stacking Ensemble,0.7850162866449512,0.7866281372808855,0.7850162866449512,0.7836460200826537,0.9996482176360224,"{'final_estimator__n_estimators': 300, 'final_estimator__max_depth': 3, 'final_estimator__learning_rate': 0.03}",3,30
ReliefF,Soft Voting Ensemble,0.7915309446254072,0.7978360668228661,0.7915309446254072,0.7887631351331458,0.9999573597134574,"{'weights': (1, 1)}",3,30
ReliefF,Random Forest,0.7993630573248408,0.8114963054340338,0.7993630573248408,0.7961345317136155,1.0,"{'n_estimators': 300, 'min_samples_split': 5, 'min_samples_leaf': 2, 'max_features': 'sqrt', 'max_depth': 10}",3,50
ReliefF,SVM (RBF),0.6671974522292994,0.6694414664396375,0.6671974522292994,0.6672607427296677,1.0,"{'pca__n_components': 0.9, 'clf__gamma': 'scale', 'clf__C': 10}",3,50
ReliefF,Logistic Regression,0.49044585987261147,0.49157875369275833,0.49044585987261147,0.4906940193564398,0.6608130081300814,{'clf__C': 100},3,50
ReliefF,XGBoost,0.8057324840764332,0.8106912090781453,0.8057324840764332,0.804151190421639,1.0,"{'subsample': 0.8, 'n_estimators': 300, 'max_depth': 7, 'learning_rate': 0.03, 'colsample_bytree': 0.7}",3,50
ReliefF,LightGBM,0.7834394904458599,0.7841638899981016,0.7834394904458599,0.7828316152570041,1.0,"{'num_leaves': 127, 'n_estimators': 500, 'max_depth': -1, 'learning_rate': 0.03}",3,50
ReliefF,Stacking Ensemble,0.7882165605095541,0.7929499355624151,0.7882165605095541,0.7864283593587499,0.9979471544715448,"{'final_estimator__n_estimators': 300, 'final_estimator__max_depth': 2, 'final_estimator__learning_rate': 0.03}",3,50
ReliefF,Soft Voting Ensemble,0.7993630573248408,0.8052194451435541,0.7993630573248408,0.7974796077641548,1.0,"{'weights': (1, 1)}",3,50
ReliefF,Random Forest,0.8229665071770335,0.8359901411327687,0.8229665071770335,0.8201517938173096,1.0,"{'n_estimators': 300, 'min_samples_split': 5, 'min_samples_leaf': 2, 'max_features': 'sqrt', 'max_depth': 20}",3,70
ReliefF,SVM (RBF),0.645933014354067,0.6467737283592094,0.645933014354067,0.646116879706556,1.0,"{'pca__n_components': 0.85, 'clf__gamma': 'scale', 'clf__C': 50}",3,70
ReliefF,Logistic Regression,0.529505582137161,0.5301548256506183,0.529505582137161,0.529721224463588,0.7060832857492454,{'clf__C': 0.01},3,70
ReliefF,XGBoost,0.8213716108452951,0.8267290905661023,0.8213716108452951,0.8198920997932969,1.0,"{'subsample': 1.0, 'n_estimators': 800, 'max_depth': 7, 'learning_rate': 0.05, 'colsample_bytree': 1.0}",3,70
ReliefF,LightGBM,0.8133971291866029,0.8168367216749963,0.8133971291866029,0.8122250204997179,1.0,"{'num_leaves': 63, 'n_estimators': 800, 'max_depth': 10, 'learning_rate': 0.1}",3,70
ReliefF,Stacking Ensemble,0.7862838915470495,0.7897892096976765,0.7862838915470495,0.7847650834595393,0.993943225385431,"{'final_estimator__n_estimators': 300, 'final_estimator__max_depth': 2, 'final_estimator__learning_rate': 0.03}",3,70
ReliefF,Soft Voting Ensemble,0.8277511961722488,0.8388589890257402,0.8277511961722488,0.8253633729379437,1.0,"{'weights': (2, 1)}",3,70
ReliefF,Random Forest,0.8335949764521193,0.8476828769311245,0.8335949764521193,0.8312526198187148,1.0,"{'n_estimators': 1000, 'min_samples_split': 5, 'min_samples_leaf': 1, 'max_features': 'log2', 'max_depth': 10}",3,90
ReliefF,SVM (RBF),0.6938775510204082,0.6963254320746326,0.6938775510204082,0.6936587137165864,1.0,"{'pca__n_components': 0.9, 'clf__gamma': 'scale', 'clf__C': 10}",3,90
ReliefF,Logistic Regression,0.49921507064364207,0.5001978012680666,0.49921507064364207,0.4991632353029079,0.7392256689557187,{'clf__C': 100},3,90
ReliefF,XGBoost,0.8226059654631083,0.8251888975650595,0.8226059654631083,0.8219241358319385,1.0,"{'subsample': 0.7, 'n_estimators': 800, 'max_depth': 3, 'learning_rate': 0.05, 'colsample_bytree': 0.7}",3,90
ReliefF,LightGBM,0.8304552590266876,0.8341815170700572,0.8304552590266876,0.8296217305641229,1.0,"{'num_leaves': 127, 'n_estimators': 500, 'max_depth': -1, 'learning_rate': 0.03}",3,90
ReliefF,Soft Voting Ensemble,0.847723704866562,0.8548497129914797,0.847723704866562,0.8465469590523906,1.0,"{'weights': (2, 1)}",3,90
